filename,correction / note,framestart,framestop,frameoffset,class,handnum,relocatable?,bodytouch?,handtohandtouch?,mouth,WordNetEntries,SpreadTheSignExample,SignDictExample,fps,videolink_body,videolink_face,annotation_name
AACHEN,"Mit FA ""AA"" gebärden, nicht Stab! Wiederholen",225.0,246.0,,Ort,2.0,no,no,no,<aachen>,,,,60.0,https://cloud-affective.dfki.de/index.php/s/gbXtp3tSymEg9Zx/download?path=%2Fmocapdata%2Fsigns&files=AACHEN.mp4,https://cloud-affective.dfki.de/index.php/s/gbXtp3tSymEg9Zx/download?path=%2Fmocapdata%2Fsigns%2F_facecam&files=faceCam_AACHEN_trimmed.mp4,AACHEN
AALEN,"Aufgenommen 21.06.22, Gebärde FISCH falsch, richtig wie MEISTER.
Wiederholen (Feb 2023)!!!",252.0,275.0,,Ort,1.0,no,no,no,<aalen>,,,,60.0,https://cloud-affective.dfki.de/index.php/s/gbXtp3tSymEg9Zx/download?path=%2Fmocapdata%2Fsigns&files=AALEN.mp4,https://cloud-affective.dfki.de/index.php/s/gbXtp3tSymEg9Zx/download?path=%2Fmocapdata%2Fsigns%2F_facecam&files=faceCam_AALEN_trimmed.mp4,AALEN
AB,Aufgenommen am 30.03.22,203.0,213.0,,,1.0,yes,no,no,<ab>,,,,60.0,https://cloud-affective.dfki.de/index.php/s/gbXtp3tSymEg9Zx/download?path=%2Fmocapdata%2Fsigns&files=AB.mp4,https://cloud-affective.dfki.de/index.php/s/gbXtp3tSymEg9Zx/download?path=%2Fmocapdata%2Fsigns%2F_facecam&files=faceCam_AB_trimmed.mp4,AB
ABER,Aufgenommen (Sept 2021),279.0,300.0,,,1.0,no,no,no,<aber>,,,,60.0,https://cloud-affective.dfki.de/index.php/s/gbXtp3tSymEg9Zx/download?path=%2Fmocapdata%2Fsigns&files=ABER.mp4,https://cloud-affective.dfki.de/index.php/s/gbXtp3tSymEg9Zx/download?path=%2Fmocapdata%2Fsigns%2F_facecam&files=faceCam_ABER_trimmed.mp4,ABER
ABLAUF,"Aufgenommen (Sept 2021)
Wiederholen (Feb 2023)!!!",224.0,272.0,,,2.0,yes,no,no,<ablauf>,,,,60.0,https://cloud-affective.dfki.de/index.php/s/gbXtp3tSymEg9Zx/download?path=%2Fmocapdata%2Fsigns&files=ABLAUF.mp4,https://cloud-affective.dfki.de/index.php/s/gbXtp3tSymEg9Zx/download?path=%2Fmocapdata%2Fsigns%2F_facecam&files=faceCam_ABLAUF_trimmed.mp4,ABLAUF
ABSPIELEN,Aufgenommen 21.06.22,215.0,254.0,,,2.0,yes,no,no,gest,,,,60.0,https://cloud-affective.dfki.de/index.php/s/gbXtp3tSymEg9Zx/download?path=%2Fmocapdata%2Fsigns&files=ABSPIELEN.mp4,https://cloud-affective.dfki.de/index.php/s/gbXtp3tSymEg9Zx/download?path=%2Fmocapdata%2Fsigns%2F_facecam&files=faceCam_ABSPIELEN_trimmed.mp4,ABSPIELEN
ABTEILUNG,"Aufgenommen 21.06.22
Wiederholen (Feb 2023)!!!",199.0,232.0,,,2.0,yes,no,yes,<abteilung>,,,,60.0,https://cloud-affective.dfki.de/index.php/s/gbXtp3tSymEg9Zx/download?path=%2Fmocapdata%2Fsigns&files=ABTEILUNG.mp4,https://cloud-affective.dfki.de/index.php/s/gbXtp3tSymEg9Zx/download?path=%2Fmocapdata%2Fsigns%2F_facecam&files=faceCam_ABTEILUNG_trimmed.mp4,ABTEILUNG
AENDERN,Aufgenommen (Dez 2021),271.0,287.0,,,2.0,yes,no,yes,<um>,,,,60.0,https://cloud-affective.dfki.de/index.php/s/gbXtp3tSymEg9Zx/download?path=%2Fmocapdata%2Fsigns&files=AENDERN.mp4,https://cloud-affective.dfki.de/index.php/s/gbXtp3tSymEg9Zx/download?path=%2Fmocapdata%2Fsigns%2F_facecam&files=faceCam_AENDERN_trimmed.mp4,AENDERN
ALLE,Aufgenommen (Sept 2021),247.0,264.0,,,1.0,no,no,no,<alle>,,,,60.0,https://cloud-affective.dfki.de/index.php/s/gbXtp3tSymEg9Zx/download?path=%2Fmocapdata%2Fsigns&files=ALLE.mp4,https://cloud-affective.dfki.de/index.php/s/gbXtp3tSymEg9Zx/download?path=%2Fmocapdata%2Fsigns%2F_facecam&files=faceCam_ALLE_trimmed.mp4,ALLE
ALTONA,"Aufgenommen (Dez 2021)
Wiederholen (Feb 2023)!!!",198.0,239.0,,Ort,2.0,no,no,yes,<altona>,,,,60.0,https://cloud-affective.dfki.de/index.php/s/gbXtp3tSymEg9Zx/download?path=%2Fmocapdata%2Fsigns&files=ALTONA.mp4,https://cloud-affective.dfki.de/index.php/s/gbXtp3tSymEg9Zx/download?path=%2Fmocapdata%2Fsigns%2F_facecam&files=faceCam_ALTONA_trimmed.mp4,ALTONA
AMPEL-GRUEN,Aufgenommen (Sept 2021),213.0,245.0,,,1.0,yes,no,no,gest,,,,60.0,https://cloud-affective.dfki.de/index.php/s/gbXtp3tSymEg9Zx/download?path=%2Fmocapdata%2Fsigns&files=AMPEL-GRUEN.mp4,https://cloud-affective.dfki.de/index.php/s/gbXtp3tSymEg9Zx/download?path=%2Fmocapdata%2Fsigns%2F_facecam&files=faceCam_AMPEL-GRUEN_trimmed.mp4,AMPEL-GRUEN
AMSTERDAM,Aufgenommen 21.06.22,190.0,233.0,,Ort,2.0,no,no,yes,<amsterdam>,,,,60.0,https://cloud-affective.dfki.de/index.php/s/gbXtp3tSymEg9Zx/download?path=%2Fmocapdata%2Fsigns&files=AMSTERDAM.mp4,https://cloud-affective.dfki.de/index.php/s/gbXtp3tSymEg9Zx/download?path=%2Fmocapdata%2Fsigns%2F_facecam&files=faceCam_AMSTERDAM_trimmed.mp4,AMSTERDAM
ANDERE,Aufgenommen (Dez 2021),215.0,244.0,,,2.0,yes,no,yes,<andere>,,,,60.0,https://cloud-affective.dfki.de/index.php/s/gbXtp3tSymEg9Zx/download?path=%2Fmocapdata%2Fsigns&files=ANDERE.mp4,https://cloud-affective.dfki.de/index.php/s/gbXtp3tSymEg9Zx/download?path=%2Fmocapdata%2Fsigns%2F_facecam&files=faceCam_ANDERE_trimmed.mp4,ANDERE
ANDERS,"Aufgenommen (Sept 2021)
Wiederholen (Feb 2023)!!!",221.0,244.0,,,2.0,yes,no,yes,<anders>,,,,60.0,https://cloud-affective.dfki.de/index.php/s/gbXtp3tSymEg9Zx/download?path=%2Fmocapdata%2Fsigns&files=ANDERS.mp4,https://cloud-affective.dfki.de/index.php/s/gbXtp3tSymEg9Zx/download?path=%2Fmocapdata%2Fsigns%2F_facecam&files=faceCam_ANDERS_trimmed.mp4,ANDERS
ANFANGEN,Aufgenommen (Sept 2021),205.0,245.0,,,2.0,no,no,no,<anfang>,,,,60.0,https://cloud-affective.dfki.de/index.php/s/gbXtp3tSymEg9Zx/download?path=%2Fmocapdata%2Fsigns&files=ANFANGEN.mp4,https://cloud-affective.dfki.de/index.php/s/gbXtp3tSymEg9Zx/download?path=%2Fmocapdata%2Fsigns%2F_facecam&files=faceCam_ANFANGEN_trimmed.mp4,ANFANGEN
ANFUEHRUNGSZEICHEN,Aufgenommen (Dez 2021),235.0,256.0,,,2.0,no,no,no,gest,,,,60.0,https://cloud-affective.dfki.de/index.php/s/gbXtp3tSymEg9Zx/download?path=%2Fmocapdata%2Fsigns&files=ANFUEHRUNGSZEICHEN.mp4,https://cloud-affective.dfki.de/index.php/s/gbXtp3tSymEg9Zx/download?path=%2Fmocapdata%2Fsigns%2F_facecam&files=faceCam_ANFUEHRUNGSZEICHEN_trimmed.mp4,ANFUEHRUNGSZEICHEN
ANHALTEN,Neu aufgenommen am 01.07.21,156.0,200.0,,,1.0,yes,no,no,<halt>,"{01864781} S: (v) stop (stop%2:38:00::), halt (halt%2:38:01::) (come to a halt, stop moving) ""the car stopped""; ""She stopped in front of a store window""",,,60.0,https://cloud-affective.dfki.de/index.php/s/gbXtp3tSymEg9Zx/download?path=%2Fmocapdata%2Fsigns&files=ANHALTEN.mp4,https://cloud-affective.dfki.de/index.php/s/gbXtp3tSymEg9Zx/download?path=%2Fmocapdata%2Fsigns%2F_facecam&files=faceCam_ANHALTEN_trimmed.mp4,ANHALTEN
ANKOMMEN,"Neu aufgenommen am 01.07.21
",168.0,179.0,,,2.0,no,no,no,<an>,"{02009962} S: (v) arrive (arrive%2:38:00::), get (get%2:38:00::), come (come%2:38:04::) (reach a destination; arrive by movement or progress) ""She arrived home at 7 o'clock""; ""She didn't get to Chicago until after midnight""",,,60.0,https://cloud-affective.dfki.de/index.php/s/gbXtp3tSymEg9Zx/download?path=%2Fmocapdata%2Fsigns&files=ANKOMMEN.mp4,https://cloud-affective.dfki.de/index.php/s/gbXtp3tSymEg9Zx/download?path=%2Fmocapdata%2Fsigns%2F_facecam&files=faceCam_ANKOMMEN_trimmed.mp4,ANKOMMEN
ANPASSEN,Aufgenommen (Dez 2021),220.0,260.0,,,2.0,yes,no,yes,<anpassen>,,,,60.0,https://cloud-affective.dfki.de/index.php/s/gbXtp3tSymEg9Zx/download?path=%2Fmocapdata%2Fsigns&files=ANPASSEN.mp4,https://cloud-affective.dfki.de/index.php/s/gbXtp3tSymEg9Zx/download?path=%2Fmocapdata%2Fsigns%2F_facecam&files=faceCam_ANPASSEN_trimmed.mp4,ANPASSEN
ANSEHEN,Aufgenommen 29.09.22,179.0,196.0,,,1.0,yes,no,no,gest,,,,60.0,https://cloud-affective.dfki.de/index.php/s/gbXtp3tSymEg9Zx/download?path=%2Fmocapdata%2Fsigns&files=ANSEHEN.mp4,https://cloud-affective.dfki.de/index.php/s/gbXtp3tSymEg9Zx/download?path=%2Fmocapdata%2Fsigns%2F_facecam&files=faceCam_ANSEHEN_trimmed.mp4,ANSEHEN
ARBEITEN,Aufgenommen (Sept 2021),216.0,251.0,,,2.0,no,no,yes,<arbeiten>,,,,60.0,https://cloud-affective.dfki.de/index.php/s/gbXtp3tSymEg9Zx/download?path=%2Fmocapdata%2Fsigns&files=ARBEITEN.mp4,https://cloud-affective.dfki.de/index.php/s/gbXtp3tSymEg9Zx/download?path=%2Fmocapdata%2Fsigns%2F_facecam&files=faceCam_ARBEITEN_trimmed.mp4,ARBEITEN
ARZT,Aufgenommen (Sept 2021),278.0,304.0,,,2.0,no,no,yes,<arzt>,,,,60.0,https://cloud-affective.dfki.de/index.php/s/gbXtp3tSymEg9Zx/download?path=%2Fmocapdata%2Fsigns&files=ARZT.mp4,https://cloud-affective.dfki.de/index.php/s/gbXtp3tSymEg9Zx/download?path=%2Fmocapdata%2Fsigns%2F_facecam&files=faceCam_ARZT_trimmed.mp4,ARZT
AT-ZEICHEN,Aufgenommen 21.06.22,232.0,266.0,,,1.0,no,no,no,<at>,,,,60.0,https://cloud-affective.dfki.de/index.php/s/gbXtp3tSymEg9Zx/download?path=%2Fmocapdata%2Fsigns&files=AT-ZEICHEN.mp4,https://cloud-affective.dfki.de/index.php/s/gbXtp3tSymEg9Zx/download?path=%2Fmocapdata%2Fsigns%2F_facecam&files=faceCam_AT-ZEICHEN_trimmed.mp4,AT-ZEICHEN
AUCH,Aufgenommen (Sept 2021),202.0,220.0,,,1.0,no,no,no,<auch>,,,,60.0,https://cloud-affective.dfki.de/index.php/s/gbXtp3tSymEg9Zx/download?path=%2Fmocapdata%2Fsigns&files=AUCH.mp4,https://cloud-affective.dfki.de/index.php/s/gbXtp3tSymEg9Zx/download?path=%2Fmocapdata%2Fsigns%2F_facecam&files=faceCam_AUCH_trimmed.mp4,AUCH
AUF(-Objekt),Aufgenommen (Sept 2021),209.0,233.0,,,1.0,yes,no,no,<auf>,,,,60.0,https://cloud-affective.dfki.de/index.php/s/gbXtp3tSymEg9Zx/download?path=%2Fmocapdata%2Fsigns&files=AUF(-Objekt).mp4,https://cloud-affective.dfki.de/index.php/s/gbXtp3tSymEg9Zx/download?path=%2Fmocapdata%2Fsigns%2F_facecam&files=faceCam_AUF(-Objekt)_trimmed.mp4,AUF(-Objekt)
AUF(-tueren),Aufgenommen 21.06.22,201.0,223.0,,,2.0,yes,no,yes,<auf>,,,,60.0,https://cloud-affective.dfki.de/index.php/s/gbXtp3tSymEg9Zx/download?path=%2Fmocapdata%2Fsigns&files=AUF(-tueren).mp4,https://cloud-affective.dfki.de/index.php/s/gbXtp3tSymEg9Zx/download?path=%2Fmocapdata%2Fsigns%2F_facecam&files=faceCam_AUF(-tueren)_trimmed.mp4,AUF(-tueren)
AUFBRECHEN,"Neu aufgenommen am 22.06.22, alles ok.",211.0,230.0,,,2.0,no,no,yes, gest,"{01852660} S: (v) go (go%2:38:01::), go away (go_away%2:38:05::), depart (depart%2:38:04::) (move away from a place into another direction) ""Go away before I start to cry""; ""The train departs at noon""",,,60.0,https://cloud-affective.dfki.de/index.php/s/gbXtp3tSymEg9Zx/download?path=%2Fmocapdata%2Fsigns&files=AUFBRECHEN.mp4,https://cloud-affective.dfki.de/index.php/s/gbXtp3tSymEg9Zx/download?path=%2Fmocapdata%2Fsigns%2F_facecam&files=faceCam_AUFBRECHEN_trimmed.mp4,AUFBRECHEN
AUFFAHREN,Aufgenommen (Sept 2021),243.0,282.0,,,2.0,yes,no,no,gest,,,,60.0,https://cloud-affective.dfki.de/index.php/s/gbXtp3tSymEg9Zx/download?path=%2Fmocapdata%2Fsigns&files=AUFFAHREN.mp4,https://cloud-affective.dfki.de/index.php/s/gbXtp3tSymEg9Zx/download?path=%2Fmocapdata%2Fsigns%2F_facecam&files=faceCam_AUFFAHREN_trimmed.mp4,AUFFAHREN
AUFLEUCHTEN,Aufgenommen (Dez 2021),233.0,242.0,,,1.0,yes,no,no,gest,,,,60.0,https://cloud-affective.dfki.de/index.php/s/gbXtp3tSymEg9Zx/download?path=%2Fmocapdata%2Fsigns&files=AUFLEUCHTEN.mp4,https://cloud-affective.dfki.de/index.php/s/gbXtp3tSymEg9Zx/download?path=%2Fmocapdata%2Fsigns%2F_facecam&files=faceCam_AUFLEUCHTEN_trimmed.mp4,AUFLEUCHTEN
AUFPASSEN,Aufgenommen 29.09.22,176.0,207.0,,,2.0,no,no,yes,<aufpassen>,,,,60.0,https://cloud-affective.dfki.de/index.php/s/gbXtp3tSymEg9Zx/download?path=%2Fmocapdata%2Fsigns&files=AUFPASSEN.mp4,https://cloud-affective.dfki.de/index.php/s/gbXtp3tSymEg9Zx/download?path=%2Fmocapdata%2Fsigns%2F_facecam&files=faceCam_AUFPASSEN_trimmed.mp4,AUFPASSEN
AUFZAEHLEN,"Aufgenommen (Dez 2021)
Wiederholen (Feb 2023)!!!",189.0,220.0,,,1.0,yes,no,no,gest,,,,60.0,https://cloud-affective.dfki.de/index.php/s/gbXtp3tSymEg9Zx/download?path=%2Fmocapdata%2Fsigns&files=AUFZAEHLEN.mp4,https://cloud-affective.dfki.de/index.php/s/gbXtp3tSymEg9Zx/download?path=%2Fmocapdata%2Fsigns%2F_facecam&files=faceCam_AUFZAEHLEN_trimmed.mp4,AUFZAEHLEN
AUFZUG,Aufgenommen 21.06.22,205.0,237.0,,,1.0,yes,no,no,gest,,,,60.0,https://cloud-affective.dfki.de/index.php/s/gbXtp3tSymEg9Zx/download?path=%2Fmocapdata%2Fsigns&files=AUFZUG.mp4,https://cloud-affective.dfki.de/index.php/s/gbXtp3tSymEg9Zx/download?path=%2Fmocapdata%2Fsigns%2F_facecam&files=faceCam_AUFZUG_trimmed.mp4,AUFZUG
AUGSBURG,"Aufgenommen 21.06.22
Wiederholen (Feb 2023)!!!",198.0,234.0,,Ort,1.0,no,yes,no,<augsburg>,,,,60.0,https://cloud-affective.dfki.de/index.php/s/gbXtp3tSymEg9Zx/download?path=%2Fmocapdata%2Fsigns&files=AUGSBURG.mp4,https://cloud-affective.dfki.de/index.php/s/gbXtp3tSymEg9Zx/download?path=%2Fmocapdata%2Fsigns%2F_facecam&files=faceCam_AUGSBURG_trimmed.mp4,AUGSBURG
AUS,Aufgenommen (Sept 2021),224.0,244.0,,,1.0,yes,no,no,<aus>,,,,60.0,https://cloud-affective.dfki.de/index.php/s/gbXtp3tSymEg9Zx/download?path=%2Fmocapdata%2Fsigns&files=AUS.mp4,https://cloud-affective.dfki.de/index.php/s/gbXtp3tSymEg9Zx/download?path=%2Fmocapdata%2Fsigns%2F_facecam&files=faceCam_AUS_trimmed.mp4,AUS
AUS(-Ort),ok,212.0,230.0,,,1.0,no,no,no,<aus>,,,,60.0,https://cloud-affective.dfki.de/index.php/s/gbXtp3tSymEg9Zx/download?path=%2Fmocapdata%2Fsigns&files=AUS(-Ort).mp4,https://cloud-affective.dfki.de/index.php/s/gbXtp3tSymEg9Zx/download?path=%2Fmocapdata%2Fsigns%2F_facecam&files=faceCam_AUS(-Ort)_trimmed.mp4,AUS(-Ort)
AUS2,Aufgenommen (Sept 2021),222.0,243.0,,,2.0,no,no,no,<aus>,,,,60.0,https://cloud-affective.dfki.de/index.php/s/gbXtp3tSymEg9Zx/download?path=%2Fmocapdata%2Fsigns&files=AUS2.mp4,https://cloud-affective.dfki.de/index.php/s/gbXtp3tSymEg9Zx/download?path=%2Fmocapdata%2Fsigns%2F_facecam&files=faceCam_AUS2_trimmed.mp4,AUS2
AUSBLENDEN,Aufgenommen 29.09.22,181.0,198.0,,,1.0,yes,no,no,<aus>,,,,60.0,https://cloud-affective.dfki.de/index.php/s/gbXtp3tSymEg9Zx/download?path=%2Fmocapdata%2Fsigns&files=AUSBLENDEN.mp4,https://cloud-affective.dfki.de/index.php/s/gbXtp3tSymEg9Zx/download?path=%2Fmocapdata%2Fsigns%2F_facecam&files=faceCam_AUSBLENDEN_trimmed.mp4,AUSBLENDEN
AUSFALLEN,"Aufgenommen (Sept 2021)
Wiederholen (Feb 2023)!!!",198.0,232.0,,,2.0,yes,no,no,<ausfall>,,,,60.0,https://cloud-affective.dfki.de/index.php/s/gbXtp3tSymEg9Zx/download?path=%2Fmocapdata%2Fsigns&files=AUSFALLEN.mp4,https://cloud-affective.dfki.de/index.php/s/gbXtp3tSymEg9Zx/download?path=%2Fmocapdata%2Fsigns%2F_facecam&files=faceCam_AUSFALLEN_trimmed.mp4,AUSFALLEN
AUSGANG,"Aufgenommen 21.06.22
Wiederholen (Feb 2023)!!!",232.0,261.0,,,1.0,yes,no,no,<ausgang>,,,,60.0,https://cloud-affective.dfki.de/index.php/s/gbXtp3tSymEg9Zx/download?path=%2Fmocapdata%2Fsigns&files=AUSGANG.mp4,https://cloud-affective.dfki.de/index.php/s/gbXtp3tSymEg9Zx/download?path=%2Fmocapdata%2Fsigns%2F_facecam&files=faceCam_AUSGANG_trimmed.mp4,AUSGANG
AUSMASS,Aufgenommen 29.09.22,202.0,254.0,,,2.0,yes,no,no,<wie-gross>,,,,60.0,https://cloud-affective.dfki.de/index.php/s/gbXtp3tSymEg9Zx/download?path=%2Fmocapdata%2Fsigns&files=AUSMASS.mp4,https://cloud-affective.dfki.de/index.php/s/gbXtp3tSymEg9Zx/download?path=%2Fmocapdata%2Fsigns%2F_facecam&files=faceCam_AUSMASS_trimmed.mp4,AUSMASS
AUSSEHEN,Aufgenommen 29.09.22,291.0,324.0,,,1.0,no,yes,no,<wie-sieht-aus>,,,,60.0,https://cloud-affective.dfki.de/index.php/s/gbXtp3tSymEg9Zx/download?path=%2Fmocapdata%2Fsigns&files=AUSSEHEN.mp4,https://cloud-affective.dfki.de/index.php/s/gbXtp3tSymEg9Zx/download?path=%2Fmocapdata%2Fsigns%2F_facecam&files=faceCam_AUSSEHEN_trimmed.mp4,AUSSEHEN
AUSSTEIGEN,"Neu aufgenommen am 30.03.22, Video da!!!
---
Wenn, neue Referenzvideo da ist, dann alle Annotationsdaten überprüfen!!! NOVA-Annotation prüfen/korrigieren: Nicht-dom-hand: Entspannt?! eingeben! Satz 40.
---
Alte Gebärde vom September 2021 aufgenommen.",198.0,247.0,,,2.0,yes,no,no,<aussteigen>,,,,60.0,https://cloud-affective.dfki.de/index.php/s/gbXtp3tSymEg9Zx/download?path=%2Fmocapdata%2Fsigns&files=AUSSTEIGEN.mp4,https://cloud-affective.dfki.de/index.php/s/gbXtp3tSymEg9Zx/download?path=%2Fmocapdata%2Fsigns%2F_facecam&files=faceCam_AUSSTEIGEN_trimmed.mp4,AUSSTEIGEN
AUSWEIS,"Aufgenommen (Dez 2021)
Wiederholen (Feb 2023)!!!",230.0,264.0,,,1.0,no,no,no,<ausweis>,,,,60.0,https://cloud-affective.dfki.de/index.php/s/gbXtp3tSymEg9Zx/download?path=%2Fmocapdata%2Fsigns&files=AUSWEIS.mp4,https://cloud-affective.dfki.de/index.php/s/gbXtp3tSymEg9Zx/download?path=%2Fmocapdata%2Fsigns%2F_facecam&files=faceCam_AUSWEIS_trimmed.mp4,AUSWEIS
AUTOMATIKTUER,Aufgenommen 29.09.22,213.0,250.0,,,2.0,no,no,yes,gest,,,,60.0,https://cloud-affective.dfki.de/index.php/s/gbXtp3tSymEg9Zx/download?path=%2Fmocapdata%2Fsigns&files=AUTOMATIKTUER.mp4,https://cloud-affective.dfki.de/index.php/s/gbXtp3tSymEg9Zx/download?path=%2Fmocapdata%2Fsigns%2F_facecam&files=faceCam_AUTOMATIKTUER_trimmed.mp4,AUTOMATIKTUER
BADEN-BADEN,Aufgenommen (Feb 2023),240.0,295.0,,Ort,2.0,no,yes,no,<baden baden>,,,,60.0,https://cloud-affective.dfki.de/index.php/s/gbXtp3tSymEg9Zx/download?path=%2Fmocapdata%2Fsigns&files=BADEN-BADEN.mp4,https://cloud-affective.dfki.de/index.php/s/gbXtp3tSymEg9Zx/download?path=%2Fmocapdata%2Fsigns%2F_facecam&files=faceCam_BADEN-BADEN_trimmed.mp4,BADEN-BADEN
BAHNHOF,Aufgenommen 21.06.22,183.0,217.0,,,1.0,no,no,no,<bahnhof>,,,,60.0,https://cloud-affective.dfki.de/index.php/s/gbXtp3tSymEg9Zx/download?path=%2Fmocapdata%2Fsigns&files=BAHNHOF.mp4,https://cloud-affective.dfki.de/index.php/s/gbXtp3tSymEg9Zx/download?path=%2Fmocapdata%2Fsigns%2F_facecam&files=faceCam_BAHNHOF_trimmed.mp4,BAHNHOF
BAHNUEBERGANG,Aufgenommen (Sept 2021),217.0,263.0,,,2.0,no,no,no,gest,,,,60.0,https://cloud-affective.dfki.de/index.php/s/gbXtp3tSymEg9Zx/download?path=%2Fmocapdata%2Fsigns&files=BAHNUEBERGANG.mp4,https://cloud-affective.dfki.de/index.php/s/gbXtp3tSymEg9Zx/download?path=%2Fmocapdata%2Fsigns%2F_facecam&files=faceCam_BAHNUEBERGANG_trimmed.mp4,BAHNUEBERGANG
BAMBERG,Aufgenommen (Feb 2023),198.0,243.0,,Ort,1.0,no,no,no,<bamberg>,,,,60.0,https://cloud-affective.dfki.de/index.php/s/gbXtp3tSymEg9Zx/download?path=%2Fmocapdata%2Fsigns&files=BAMBERG.mp4,https://cloud-affective.dfki.de/index.php/s/gbXtp3tSymEg9Zx/download?path=%2Fmocapdata%2Fsigns%2F_facecam&files=faceCam_BAMBERG_trimmed.mp4,BAMBERG
BARRIERE,Aufgenommen (Sept 2021),202.0,220.0,,,2.0,yes,no,yes,gest,,,,60.0,https://cloud-affective.dfki.de/index.php/s/gbXtp3tSymEg9Zx/download?path=%2Fmocapdata%2Fsigns&files=BARRIERE.mp4,https://cloud-affective.dfki.de/index.php/s/gbXtp3tSymEg9Zx/download?path=%2Fmocapdata%2Fsigns%2F_facecam&files=faceCam_BARRIERE_trimmed.mp4,BARRIERE
BAUM,Aufgenommen (Sept 2021),258.0,293.0,,,2.0,no,yes?,no?,<baum>,,,,60.0,https://cloud-affective.dfki.de/index.php/s/gbXtp3tSymEg9Zx/download?path=%2Fmocapdata%2Fsigns&files=BAUM.mp4,https://cloud-affective.dfki.de/index.php/s/gbXtp3tSymEg9Zx/download?path=%2Fmocapdata%2Fsigns%2F_facecam&files=faceCam_BAUM_trimmed.mp4,BAUM
BAUSTELLE,"Aufgenommen (Sept 2021)
Wiederholen (Feb 2023)!!!",195.0,233.0,,,2.0,no,no,no,<baustelle>,,,,60.0,https://cloud-affective.dfki.de/index.php/s/gbXtp3tSymEg9Zx/download?path=%2Fmocapdata%2Fsigns&files=BAUSTELLE.mp4,https://cloud-affective.dfki.de/index.php/s/gbXtp3tSymEg9Zx/download?path=%2Fmocapdata%2Fsigns%2F_facecam&files=faceCam_BAUSTELLE_trimmed.mp4,BAUSTELLE
BEHANDELN,"Aufgenommen (Sept 2021)
Wiederholen (Feb 2023)!!!",179.0,245.0,,,2.0,yes,no,no,<behandeln>,,,,60.0,https://cloud-affective.dfki.de/index.php/s/gbXtp3tSymEg9Zx/download?path=%2Fmocapdata%2Fsigns&files=BEHANDELN.mp4,https://cloud-affective.dfki.de/index.php/s/gbXtp3tSymEg9Zx/download?path=%2Fmocapdata%2Fsigns%2F_facecam&files=faceCam_BEHANDELN_trimmed.mp4,BEHANDELN
BEHINDERT,"Aufgenommen (Dez 2021)
Wiederholen (Feb 2023)!!!",177.0,226.0,,,2.0,yes,no,yes,<behindert>,,,,60.0,https://cloud-affective.dfki.de/index.php/s/gbXtp3tSymEg9Zx/download?path=%2Fmocapdata%2Fsigns&files=BEHINDERT.mp4,https://cloud-affective.dfki.de/index.php/s/gbXtp3tSymEg9Zx/download?path=%2Fmocapdata%2Fsigns%2F_facecam&files=faceCam_BEHINDERT_trimmed.mp4,BEHINDERT
BEHOERDE,Aufgenommen 29.09.22,203.0,228.0,,,2.0,yes,no,yes,<behörde>,,,,60.0,https://cloud-affective.dfki.de/index.php/s/gbXtp3tSymEg9Zx/download?path=%2Fmocapdata%2Fsigns&files=BEHOERDE.mp4,https://cloud-affective.dfki.de/index.php/s/gbXtp3tSymEg9Zx/download?path=%2Fmocapdata%2Fsigns%2F_facecam&files=faceCam_BEHOERDE_trimmed.mp4,BEHOERDE
BEISPIEL,Aufgenommen 29.09.22,198.0,236.0,,,2.0,no,no,yes,<beispiel>,,,,60.0,https://cloud-affective.dfki.de/index.php/s/gbXtp3tSymEg9Zx/download?path=%2Fmocapdata%2Fsigns&files=BEISPIEL.mp4,https://cloud-affective.dfki.de/index.php/s/gbXtp3tSymEg9Zx/download?path=%2Fmocapdata%2Fsigns%2F_facecam&files=faceCam_BEISPIEL_trimmed.mp4,BEISPIEL
BEKOMMEN,Aufgenommen 29.09.22,212.0,233.0,,,2.0,yes,no,no,<bekomm>,,,,60.0,https://cloud-affective.dfki.de/index.php/s/gbXtp3tSymEg9Zx/download?path=%2Fmocapdata%2Fsigns&files=BEKOMMEN.mp4,https://cloud-affective.dfki.de/index.php/s/gbXtp3tSymEg9Zx/download?path=%2Fmocapdata%2Fsigns%2F_facecam&files=faceCam_BEKOMMEN_trimmed.mp4,BEKOMMEN
BEOBACHTEN,Aufgenommen 29.09.22,312.0,366.0,,,1.0,yes,no,no,<beobachten>,,,,60.0,https://cloud-affective.dfki.de/index.php/s/gbXtp3tSymEg9Zx/download?path=%2Fmocapdata%2Fsigns&files=BEOBACHTEN.mp4,https://cloud-affective.dfki.de/index.php/s/gbXtp3tSymEg9Zx/download?path=%2Fmocapdata%2Fsigns%2F_facecam&files=faceCam_BEOBACHTEN_trimmed.mp4,BEOBACHTEN
BERATEN,Aufgenommen 29.09.22,202.0,247.0,,,2.0,yes,no,no,<beraten>,,,,60.0,https://cloud-affective.dfki.de/index.php/s/gbXtp3tSymEg9Zx/download?path=%2Fmocapdata%2Fsigns&files=BERATEN.mp4,https://cloud-affective.dfki.de/index.php/s/gbXtp3tSymEg9Zx/download?path=%2Fmocapdata%2Fsigns%2F_facecam&files=faceCam_BERATEN_trimmed.mp4,BERATEN
BEREICH,"Aufgenommen (Sept 2021), Einhändig!
Wiederholen (Feb 2023)!!!",177.0,237.0,,,1.0,yes,no,no,<bereich>,,,,60.0,https://cloud-affective.dfki.de/index.php/s/gbXtp3tSymEg9Zx/download?path=%2Fmocapdata%2Fsigns&files=BEREICH.mp4,https://cloud-affective.dfki.de/index.php/s/gbXtp3tSymEg9Zx/download?path=%2Fmocapdata%2Fsigns%2F_facecam&files=faceCam_BEREICH_trimmed.mp4,BEREICH
BERLIN,Aufgenommen 21.06.22,219.0,244.0,,Ort,1.0,no,yes,no,<berlin>,,,,60.0,https://cloud-affective.dfki.de/index.php/s/gbXtp3tSymEg9Zx/download?path=%2Fmocapdata%2Fsigns&files=BERLIN.mp4,https://cloud-affective.dfki.de/index.php/s/gbXtp3tSymEg9Zx/download?path=%2Fmocapdata%2Fsigns%2F_facecam&files=faceCam_BERLIN_trimmed.mp4,BERLIN
BESCHEID,Aufgenommen 29.09.22,301.0,326.0,,,1.0,no,no,no,<bescheid>,,,,60.0,https://cloud-affective.dfki.de/index.php/s/gbXtp3tSymEg9Zx/download?path=%2Fmocapdata%2Fsigns&files=BESCHEID.mp4,https://cloud-affective.dfki.de/index.php/s/gbXtp3tSymEg9Zx/download?path=%2Fmocapdata%2Fsigns%2F_facecam&files=faceCam_BESCHEID_trimmed.mp4,BESCHEID
BESCHEID(-auf-mich),Aufgenommen 29.09.22,205.0,230.0,,,1.0,no,yes,no,<bescheid>,,,,60.0,https://cloud-affective.dfki.de/index.php/s/gbXtp3tSymEg9Zx/download?path=%2Fmocapdata%2Fsigns&files=BESCHEID(-auf-mich).mp4,https://cloud-affective.dfki.de/index.php/s/gbXtp3tSymEg9Zx/download?path=%2Fmocapdata%2Fsigns%2F_facecam&files=faceCam_BESCHEID(-auf-mich)_trimmed.mp4,BESCHEID(-auf-mich)
BESETZEN,Aufgenommen 29.09.22,191.0,218.0,,,2.0,yes,no,no,<besetzt>,,,,60.0,https://cloud-affective.dfki.de/index.php/s/gbXtp3tSymEg9Zx/download?path=%2Fmocapdata%2Fsigns&files=BESETZEN.mp4,https://cloud-affective.dfki.de/index.php/s/gbXtp3tSymEg9Zx/download?path=%2Fmocapdata%2Fsigns%2F_facecam&files=faceCam_BESETZEN_trimmed.mp4,BESETZEN
BESSER-WERDEN,Aufgenommen 29.09.22,183.0,240.0,,,2.0,no,no,no,<besser besser besser>,,,,60.0,https://cloud-affective.dfki.de/index.php/s/gbXtp3tSymEg9Zx/download?path=%2Fmocapdata%2Fsigns&files=BESSER-WERDEN.mp4,https://cloud-affective.dfki.de/index.php/s/gbXtp3tSymEg9Zx/download?path=%2Fmocapdata%2Fsigns%2F_facecam&files=faceCam_BESSER-WERDEN_trimmed.mp4,BESSER-WERDEN
BESTE,Aufgenommen 29.09.22,182.0,203.0,,,1.0,no,no,no,<beste>,,,,60.0,https://cloud-affective.dfki.de/index.php/s/gbXtp3tSymEg9Zx/download?path=%2Fmocapdata%2Fsigns&files=BESTE.mp4,https://cloud-affective.dfki.de/index.php/s/gbXtp3tSymEg9Zx/download?path=%2Fmocapdata%2Fsigns%2F_facecam&files=faceCam_BESTE_trimmed.mp4,BESTE
BEZUG,Aufgenommen (Sept 2021),239.0,260.0,,,2.0,yes,no,yes,gest,,,,60.0,https://cloud-affective.dfki.de/index.php/s/gbXtp3tSymEg9Zx/download?path=%2Fmocapdata%2Fsigns&files=BEZUG.mp4,https://cloud-affective.dfki.de/index.php/s/gbXtp3tSymEg9Zx/download?path=%2Fmocapdata%2Fsigns%2F_facecam&files=faceCam_BEZUG_trimmed.mp4,BEZUG
BIELEFELD,Aufgenommen (Feb 2023),194.0,242.0,,Ort,1.0,no,yes,no,<bielefeld>,,,,60.0,https://cloud-affective.dfki.de/index.php/s/gbXtp3tSymEg9Zx/download?path=%2Fmocapdata%2Fsigns&files=BIELEFELD.mp4,https://cloud-affective.dfki.de/index.php/s/gbXtp3tSymEg9Zx/download?path=%2Fmocapdata%2Fsigns%2F_facecam&files=faceCam_BIELEFELD_trimmed.mp4,BIELEFELD
BILD,Aufgenommen 21.06.22,226.0,255.0,,,2.0,yes,no,yes,gest,,,,60.0,https://cloud-affective.dfki.de/index.php/s/gbXtp3tSymEg9Zx/download?path=%2Fmocapdata%2Fsigns&files=BILD.mp4,https://cloud-affective.dfki.de/index.php/s/gbXtp3tSymEg9Zx/download?path=%2Fmocapdata%2Fsigns%2F_facecam&files=faceCam_BILD_trimmed.mp4,BILD
BIS,"Aufgenommen (Sept 2021)
Wiederholen (Feb 2023)!!!",149.0,168.0,,,1.0,yes,no,no,<bis>,,,,60.0,https://cloud-affective.dfki.de/index.php/s/gbXtp3tSymEg9Zx/download?path=%2Fmocapdata%2Fsigns&files=BIS.mp4,https://cloud-affective.dfki.de/index.php/s/gbXtp3tSymEg9Zx/download?path=%2Fmocapdata%2Fsigns%2F_facecam&files=faceCam_BIS_trimmed.mp4,BIS
BIS-JETZT,Aufgenommen 29.09.22,201.0,222.0,,,1.0,no,no,no,<bis>,,,,60.0,https://cloud-affective.dfki.de/index.php/s/gbXtp3tSymEg9Zx/download?path=%2Fmocapdata%2Fsigns&files=BIS-JETZT.mp4,https://cloud-affective.dfki.de/index.php/s/gbXtp3tSymEg9Zx/download?path=%2Fmocapdata%2Fsigns%2F_facecam&files=faceCam_BIS-JETZT_trimmed.mp4,BIS-JETZT
BIS2,Aufgenommen (Dez 2021),221.0,233.0,,,2.0,yes,no,yes,<bis>,,,,60.0,https://cloud-affective.dfki.de/index.php/s/gbXtp3tSymEg9Zx/download?path=%2Fmocapdata%2Fsigns&files=BIS2.mp4,https://cloud-affective.dfki.de/index.php/s/gbXtp3tSymEg9Zx/download?path=%2Fmocapdata%2Fsigns%2F_facecam&files=faceCam_BIS2_trimmed.mp4,BIS2
BITTE,Neu aufgenommen am 22.06.22,227.0,246.0,,,1.0,no,yes,no,gest,,,,60.0,https://cloud-affective.dfki.de/index.php/s/gbXtp3tSymEg9Zx/download?path=%2Fmocapdata%2Fsigns&files=BITTE.mp4,https://cloud-affective.dfki.de/index.php/s/gbXtp3tSymEg9Zx/download?path=%2Fmocapdata%2Fsigns%2F_facecam&files=faceCam_BITTE_trimmed.mp4,BITTE
BLEIBEN,"Aufgenommen (Dez 2021)
Wiederholen (Feb 2023)!!!",150.0,187.0,,,2.0,no,no,yes,<bleib>,,,,60.0,https://cloud-affective.dfki.de/index.php/s/gbXtp3tSymEg9Zx/download?path=%2Fmocapdata%2Fsigns&files=BLEIBEN.mp4,https://cloud-affective.dfki.de/index.php/s/gbXtp3tSymEg9Zx/download?path=%2Fmocapdata%2Fsigns%2F_facecam&files=faceCam_BLEIBEN_trimmed.mp4,BLEIBEN
BLINKEN,"Aufgenommen (Sept 2021)
Wiederholen (Feb 2023)!!!",211.0,268.0,,,1.0,yes,no,no,gest,,,,60.0,https://cloud-affective.dfki.de/index.php/s/gbXtp3tSymEg9Zx/download?path=%2Fmocapdata%2Fsigns&files=BLINKEN.mp4,https://cloud-affective.dfki.de/index.php/s/gbXtp3tSymEg9Zx/download?path=%2Fmocapdata%2Fsigns%2F_facecam&files=faceCam_BLINKEN_trimmed.mp4,BLINKEN
BOMBE,"Aufgenommen (Sept 2021)
Wiederholen (Feb 2023)!!!",160.0,190.0,,,2.0,no,no,yes,<bombe>,,,,60.0,https://cloud-affective.dfki.de/index.php/s/gbXtp3tSymEg9Zx/download?path=%2Fmocapdata%2Fsigns&files=BOMBE.mp4,https://cloud-affective.dfki.de/index.php/s/gbXtp3tSymEg9Zx/download?path=%2Fmocapdata%2Fsigns%2F_facecam&files=faceCam_BOMBE_trimmed.mp4,BOMBE
BONN,"Aufgenommen (Dez 2021)
Wiederholen (Feb 2023)!!!",196.0,211.0,,Ort,1.0,no,yes,no,<bonn>,,,,60.0,https://cloud-affective.dfki.de/index.php/s/gbXtp3tSymEg9Zx/download?path=%2Fmocapdata%2Fsigns&files=BONN.mp4,https://cloud-affective.dfki.de/index.php/s/gbXtp3tSymEg9Zx/download?path=%2Fmocapdata%2Fsigns%2F_facecam&files=faceCam_BONN_trimmed.mp4,BONN
BRANDENBURG,Aufgenommen (Feb 2023),155.0,202.0,,Ort,2.0,no,no,yes,<brandenburg>,,,,60.0,https://cloud-affective.dfki.de/index.php/s/gbXtp3tSymEg9Zx/download?path=%2Fmocapdata%2Fsigns&files=BRANDENBURG.mp4,https://cloud-affective.dfki.de/index.php/s/gbXtp3tSymEg9Zx/download?path=%2Fmocapdata%2Fsigns%2F_facecam&files=faceCam_BRANDENBURG_trimmed.mp4,BRANDENBURG
BRAUCH-NICHT,Aufgenommen 29.09.22,191.0,225.0,,,2.0,no,no,no,<brauch nicht>,,,,60.0,https://cloud-affective.dfki.de/index.php/s/gbXtp3tSymEg9Zx/download?path=%2Fmocapdata%2Fsigns&files=BRAUCH-NICHT.mp4,https://cloud-affective.dfki.de/index.php/s/gbXtp3tSymEg9Zx/download?path=%2Fmocapdata%2Fsigns%2F_facecam&files=faceCam_BRAUCH-NICHT_trimmed.mp4,BRAUCH-NICHT
BRAUCHEN,Aufgenommen am 30.03.22,217.0,240.0,,,2.0,no,no,yes,<brauch>,,,,60.0,https://cloud-affective.dfki.de/index.php/s/gbXtp3tSymEg9Zx/download?path=%2Fmocapdata%2Fsigns&files=BRAUCHEN.mp4,https://cloud-affective.dfki.de/index.php/s/gbXtp3tSymEg9Zx/download?path=%2Fmocapdata%2Fsigns%2F_facecam&files=faceCam_BRAUCHEN_trimmed.mp4,BRAUCHEN
BREMEN,Aufgenommen (Feb 2023),200.0,237.0,,Ort,1.0,no,yes,no,<bremen>,,,,60.0,https://cloud-affective.dfki.de/index.php/s/gbXtp3tSymEg9Zx/download?path=%2Fmocapdata%2Fsigns&files=BREMEN.mp4,https://cloud-affective.dfki.de/index.php/s/gbXtp3tSymEg9Zx/download?path=%2Fmocapdata%2Fsigns%2F_facecam&files=faceCam_BREMEN_trimmed.mp4,BREMEN
BREMSEN,Aufgenommen (Sept 2021),257.0,290.0,,,1.0,yes,no,no,<brems>,,,,60.0,https://cloud-affective.dfki.de/index.php/s/gbXtp3tSymEg9Zx/download?path=%2Fmocapdata%2Fsigns&files=BREMSEN.mp4,https://cloud-affective.dfki.de/index.php/s/gbXtp3tSymEg9Zx/download?path=%2Fmocapdata%2Fsigns%2F_facecam&files=faceCam_BREMSEN_trimmed.mp4,BREMSEN
BRUECKE,"Aufgenommen (Sept 2021)
Wiederholen (Feb 2023)!!!",171.0,200.0,,,2.0,yes,no,yes,<bruecke>,,,,60.0,https://cloud-affective.dfki.de/index.php/s/gbXtp3tSymEg9Zx/download?path=%2Fmocapdata%2Fsigns&files=BRUECKE.mp4,https://cloud-affective.dfki.de/index.php/s/gbXtp3tSymEg9Zx/download?path=%2Fmocapdata%2Fsigns%2F_facecam&files=faceCam_BRUECKE_trimmed.mp4,BRUECKE
BUS,Aufgenommen (Sept 2021),246.0,264.0,,,2.0,no,no,yes,<bus>,,,,60.0,https://cloud-affective.dfki.de/index.php/s/gbXtp3tSymEg9Zx/download?path=%2Fmocapdata%2Fsigns&files=BUS.mp4,https://cloud-affective.dfki.de/index.php/s/gbXtp3tSymEg9Zx/download?path=%2Fmocapdata%2Fsigns%2F_facecam&files=faceCam_BUS_trimmed.mp4,BUS
CHAOS,Aufgenommen (Sept 2021),232.0,305.0,,,2.0,yes,no,no,gest,,,,60.0,https://cloud-affective.dfki.de/index.php/s/gbXtp3tSymEg9Zx/download?path=%2Fmocapdata%2Fsigns&files=CHAOS.mp4,https://cloud-affective.dfki.de/index.php/s/gbXtp3tSymEg9Zx/download?path=%2Fmocapdata%2Fsigns%2F_facecam&files=faceCam_CHAOS_trimmed.mp4,CHAOS
DA,Aufgenommen (Sept 2021),234.0,248.0,,,1.0,yes,no,no,<da>,,,,60.0,https://cloud-affective.dfki.de/index.php/s/gbXtp3tSymEg9Zx/download?path=%2Fmocapdata%2Fsigns&files=DA.mp4,https://cloud-affective.dfki.de/index.php/s/gbXtp3tSymEg9Zx/download?path=%2Fmocapdata%2Fsigns%2F_facecam&files=faceCam_DA_trimmed.mp4,DA
DANKE,"Aufgenommen 29.09.22
Wiederholen (Feb 2023)!!!
Ohne Kopfnicken, Annotation prüfen ggf. korrigieren !!!",205.0,230.0,,,1.0,no,no,no,<danke>,,,,60.0,https://cloud-affective.dfki.de/index.php/s/gbXtp3tSymEg9Zx/download?path=%2Fmocapdata%2Fsigns&files=DANKE.mp4,https://cloud-affective.dfki.de/index.php/s/gbXtp3tSymEg9Zx/download?path=%2Fmocapdata%2Fsigns%2F_facecam&files=faceCam_DANKE_trimmed.mp4,DANKE
DARF,Aufgenommen (Dez 2021),206.0,222.0,,,1.0,no,no,no,<darf>,,,,60.0,https://cloud-affective.dfki.de/index.php/s/gbXtp3tSymEg9Zx/download?path=%2Fmocapdata%2Fsigns&files=DARF.mp4,https://cloud-affective.dfki.de/index.php/s/gbXtp3tSymEg9Zx/download?path=%2Fmocapdata%2Fsigns%2F_facecam&files=faceCam_DARF_trimmed.mp4,DARF
DAZU,Aufgenommen (Sept 2021),266.0,287.0,,,1.0,yes,no,no,<dazu>,,,,60.0,https://cloud-affective.dfki.de/index.php/s/gbXtp3tSymEg9Zx/download?path=%2Fmocapdata%2Fsigns&files=DAZU.mp4,https://cloud-affective.dfki.de/index.php/s/gbXtp3tSymEg9Zx/download?path=%2Fmocapdata%2Fsigns%2F_facecam&files=faceCam_DAZU_trimmed.mp4,DAZU
DAZWISCHENKOMMEN,Aufgenommen (Sept 2021),254.0,265.0,,,2.0,yes,no,yes,gest,,,,60.0,https://cloud-affective.dfki.de/index.php/s/gbXtp3tSymEg9Zx/download?path=%2Fmocapdata%2Fsigns&files=DAZWISCHENKOMMEN.mp4,https://cloud-affective.dfki.de/index.php/s/gbXtp3tSymEg9Zx/download?path=%2Fmocapdata%2Fsigns%2F_facecam&files=faceCam_DAZWISCHENKOMMEN_trimmed.mp4,DAZWISCHENKOMMEN
DEFEKT,Aufgenommen am 30.03.22,190.0,223.0,,,2.0,yes,no,yes,<defekt>,,,,60.0,https://cloud-affective.dfki.de/index.php/s/gbXtp3tSymEg9Zx/download?path=%2Fmocapdata%2Fsigns&files=DEFEKT.mp4,https://cloud-affective.dfki.de/index.php/s/gbXtp3tSymEg9Zx/download?path=%2Fmocapdata%2Fsigns%2F_facecam&files=faceCam_DEFEKT_trimmed.mp4,DEFEKT
DEMOLIEREN,Aufgenommen (Sept 2021),210.0,250.0,,,2.0,yes,no,yes,gest,,,,60.0,https://cloud-affective.dfki.de/index.php/s/gbXtp3tSymEg9Zx/download?path=%2Fmocapdata%2Fsigns&files=DEMOLIEREN.mp4,https://cloud-affective.dfki.de/index.php/s/gbXtp3tSymEg9Zx/download?path=%2Fmocapdata%2Fsigns%2F_facecam&files=faceCam_DEMOLIEREN_trimmed.mp4,DEMOLIEREN
DESWEGEN,"Neu aufgenommen am 30.03.22, Video da!!!
---
Wenn, neue Referenzvideo da ist, dann alle Annotationsdaten überprüfen!!! 
Alte Gebärde vom Sept 2021 aufgenommen, Mundbild unnatürlich!",191.0,208.0,,,2.0,no,no,yes,gest,,,,60.0,https://cloud-affective.dfki.de/index.php/s/gbXtp3tSymEg9Zx/download?path=%2Fmocapdata%2Fsigns&files=DESWEGEN.mp4,https://cloud-affective.dfki.de/index.php/s/gbXtp3tSymEg9Zx/download?path=%2Fmocapdata%2Fsigns%2F_facecam&files=faceCam_DESWEGEN_trimmed.mp4,DESWEGEN
DEUTSCH,"Aufgenommen 29.09.22, MB nicht zu verstehen! Nur SCH ist zu sehen. Bitte sauber aussprechen!
Wiederholen (Feb 2023)!!!",207.0,222.0,,,1.0,no,yes,no,<deutsch>,,,,60.0,https://cloud-affective.dfki.de/index.php/s/gbXtp3tSymEg9Zx/download?path=%2Fmocapdata%2Fsigns&files=DEUTSCH.mp4,https://cloud-affective.dfki.de/index.php/s/gbXtp3tSymEg9Zx/download?path=%2Fmocapdata%2Fsigns%2F_facecam&files=faceCam_DEUTSCH_trimmed.mp4,DEUTSCH
DEUTZ,Aufgenommen (Feb 2023),166.0,189.0,,Ort,1.0,no,yes,no,<deutz>,,,,60.0,https://cloud-affective.dfki.de/index.php/s/gbXtp3tSymEg9Zx/download?path=%2Fmocapdata%2Fsigns&files=DEUTZ.mp4,https://cloud-affective.dfki.de/index.php/s/gbXtp3tSymEg9Zx/download?path=%2Fmocapdata%2Fsigns%2F_facecam&files=faceCam_DEUTZ_trimmed.mp4,DEUTZ
DIREKT,"Fehlt, bitte wie Satz 278
Wenn RV da ist, Annotation prüfen!
Aufgenommen (Feb 2023)",207.0,227.0,,,1.0,yes,no,no,<direkt>,,,,60.0,https://cloud-affective.dfki.de/index.php/s/gbXtp3tSymEg9Zx/download?path=%2Fmocapdata%2Fsigns&files=DIREKT.mp4,https://cloud-affective.dfki.de/index.php/s/gbXtp3tSymEg9Zx/download?path=%2Fmocapdata%2Fsigns%2F_facecam&files=faceCam_DIREKT_trimmed.mp4,DIREKT
DOCH,Aufgenommen (Dez 2021),228.0,238.0,,,2.0,no,no,yes,<doch>,,,,60.0,https://cloud-affective.dfki.de/index.php/s/gbXtp3tSymEg9Zx/download?path=%2Fmocapdata%2Fsigns&files=DOCH.mp4,https://cloud-affective.dfki.de/index.php/s/gbXtp3tSymEg9Zx/download?path=%2Fmocapdata%2Fsigns%2F_facecam&files=faceCam_DOCH_trimmed.mp4,DOCH
DOLLAR,"Aufgenommen 21.06.22
Wiederholen (Feb 2023)!!!",187.0,207.0,,,2.0,no,no,yes,<dollar>,,,,60.0,https://cloud-affective.dfki.de/index.php/s/gbXtp3tSymEg9Zx/download?path=%2Fmocapdata%2Fsigns&files=DOLLAR.mp4,https://cloud-affective.dfki.de/index.php/s/gbXtp3tSymEg9Zx/download?path=%2Fmocapdata%2Fsigns%2F_facecam&files=faceCam_DOLLAR_trimmed.mp4,DOLLAR
DORTHIN,"Neu aufgenommen am 01.07.21, alles ok.",136.0,163.0,,,1.0,yes,no,no,no,"{00110073} S: (adv) there (there%4:02:01::), thither (thither%4:02:00::) (to or toward that place; away from the speaker) ""go there around noon!""",,,60.0,https://cloud-affective.dfki.de/index.php/s/gbXtp3tSymEg9Zx/download?path=%2Fmocapdata%2Fsigns&files=DORTHIN.mp4,https://cloud-affective.dfki.de/index.php/s/gbXtp3tSymEg9Zx/download?path=%2Fmocapdata%2Fsigns%2F_facecam&files=faceCam_DORTHIN_trimmed.mp4,DORTHIN
DRESDEN,"Aufgenommen (Sept 2021)
Wiederholen (Feb 2023)!!!",172.0,211.0,,Ort,1.0,no,yes,no,<dresden>,,,,60.0,https://cloud-affective.dfki.de/index.php/s/gbXtp3tSymEg9Zx/download?path=%2Fmocapdata%2Fsigns&files=DRESDEN.mp4,https://cloud-affective.dfki.de/index.php/s/gbXtp3tSymEg9Zx/download?path=%2Fmocapdata%2Fsigns%2F_facecam&files=faceCam_DRESDEN_trimmed.mp4,DRESDEN
DRINNEN,Aufgenommen (Dez 2021),242.0,264.0,,,2.0,yes,no,yes,<im>,,,,60.0,https://cloud-affective.dfki.de/index.php/s/gbXtp3tSymEg9Zx/download?path=%2Fmocapdata%2Fsigns&files=DRINNEN.mp4,https://cloud-affective.dfki.de/index.php/s/gbXtp3tSymEg9Zx/download?path=%2Fmocapdata%2Fsigns%2F_facecam&files=faceCam_DRINNEN_trimmed.mp4,DRINNEN
DU,"Aufgenommen 29.09.22, bitte große Raum, vom Brust nach vorne ziehen - DU.
Wiederholen (Feb 2023)!!!",182.0,199.0,,,1.0,no,no,no,<du>,,,,60.0,https://cloud-affective.dfki.de/index.php/s/gbXtp3tSymEg9Zx/download?path=%2Fmocapdata%2Fsigns&files=DU.mp4,https://cloud-affective.dfki.de/index.php/s/gbXtp3tSymEg9Zx/download?path=%2Fmocapdata%2Fsigns%2F_facecam&files=faceCam_DU_trimmed.mp4,DU
DUESSELDORF,Aufgenommen 21.06.22,241.0,274.0,,Ort,1.0,no,no,no,<düsseldorf>,,,,60.0,https://cloud-affective.dfki.de/index.php/s/gbXtp3tSymEg9Zx/download?path=%2Fmocapdata%2Fsigns&files=DUESSELDORF.mp4,https://cloud-affective.dfki.de/index.php/s/gbXtp3tSymEg9Zx/download?path=%2Fmocapdata%2Fsigns%2F_facecam&files=faceCam_DUESSELDORF_trimmed.mp4,DUESSELDORF
DURCH,Aufgenommen am 30.03.22,192.0,216.0,,,2.0,yes,no,yes,<durch>,,,,60.0,https://cloud-affective.dfki.de/index.php/s/gbXtp3tSymEg9Zx/download?path=%2Fmocapdata%2Fsigns&files=DURCH.mp4,https://cloud-affective.dfki.de/index.php/s/gbXtp3tSymEg9Zx/download?path=%2Fmocapdata%2Fsigns%2F_facecam&files=faceCam_DURCH_trimmed.mp4,DURCH
DURCHFAHREN,ok,142.0,210.0,,,1.0,yes,no,no,gest,,,,60.0,https://cloud-affective.dfki.de/index.php/s/gbXtp3tSymEg9Zx/download?path=%2Fmocapdata%2Fsigns&files=DURCHFAHREN.mp4,https://cloud-affective.dfki.de/index.php/s/gbXtp3tSymEg9Zx/download?path=%2Fmocapdata%2Fsigns%2F_facecam&files=faceCam_DURCHFAHREN_trimmed.mp4,DURCHFAHREN
DURCHFAHREN(-links),Aufgenommen (Dez 2021),216.0,245.0,,,1.0,yes,no,no,gest,,,,60.0,https://cloud-affective.dfki.de/index.php/s/gbXtp3tSymEg9Zx/download?path=%2Fmocapdata%2Fsigns&files=DURCHFAHREN(-links).mp4,https://cloud-affective.dfki.de/index.php/s/gbXtp3tSymEg9Zx/download?path=%2Fmocapdata%2Fsigns%2F_facecam&files=faceCam_DURCHFAHREN(-links)_trimmed.mp4,DURCHFAHREN(-links)
DURCHFAHREN(-oben),Aufgenommen (Dez 2021),203.0,234.0,,,1.0,yes,no,no,gest,,,,60.0,https://cloud-affective.dfki.de/index.php/s/gbXtp3tSymEg9Zx/download?path=%2Fmocapdata%2Fsigns&files=DURCHFAHREN(-oben).mp4,https://cloud-affective.dfki.de/index.php/s/gbXtp3tSymEg9Zx/download?path=%2Fmocapdata%2Fsigns%2F_facecam&files=faceCam_DURCHFAHREN(-oben)_trimmed.mp4,DURCHFAHREN(-oben)
DURCHFAHREN(-rechts),Aufgenommen (Dez 2021),227.0,248.0,,,1.0,yes,no,no,gest,,,,60.0,https://cloud-affective.dfki.de/index.php/s/gbXtp3tSymEg9Zx/download?path=%2Fmocapdata%2Fsigns&files=DURCHFAHREN(-rechts).mp4,https://cloud-affective.dfki.de/index.php/s/gbXtp3tSymEg9Zx/download?path=%2Fmocapdata%2Fsigns%2F_facecam&files=faceCam_DURCHFAHREN(-rechts)_trimmed.mp4,DURCHFAHREN(-rechts)
DURCHFAHREN2,Aufgenommen (Sept 2021),216.0,248.0,,,1.0,yes,no,no,gest,,,,60.0,https://cloud-affective.dfki.de/index.php/s/gbXtp3tSymEg9Zx/download?path=%2Fmocapdata%2Fsigns&files=DURCHFAHREN2.mp4,https://cloud-affective.dfki.de/index.php/s/gbXtp3tSymEg9Zx/download?path=%2Fmocapdata%2Fsigns%2F_facecam&files=faceCam_DURCHFAHREN2_trimmed.mp4,DURCHFAHREN2
DURCHFAHREN2(-rueckwaerts),Aufgenommen am 30.03.22,200.0,252.0,,,1.0,yes,no,no,gest,,,,60.0,https://cloud-affective.dfki.de/index.php/s/gbXtp3tSymEg9Zx/download?path=%2Fmocapdata%2Fsigns&files=DURCHFAHREN2(-rueckwaerts).mp4,https://cloud-affective.dfki.de/index.php/s/gbXtp3tSymEg9Zx/download?path=%2Fmocapdata%2Fsigns%2F_facecam&files=faceCam_DURCHFAHREN2(-rueckwaerts)_trimmed.mp4,DURCHFAHREN2(-rueckwaerts)
DURCHFAHREN2(-von-vorne),"Aufgenommen (Sept 2021)
Wiederholen (Feb 2023)!!!",242.0,275.0,,,1.0,yes,no,no,gest,,,,60.0,https://cloud-affective.dfki.de/index.php/s/gbXtp3tSymEg9Zx/download?path=%2Fmocapdata%2Fsigns&files=DURCHFAHREN2(-von-vorne).mp4,https://cloud-affective.dfki.de/index.php/s/gbXtp3tSymEg9Zx/download?path=%2Fmocapdata%2Fsigns%2F_facecam&files=faceCam_DURCHFAHREN2(-von-vorne)_trimmed.mp4,DURCHFAHREN2(-von-vorne)
EBEN,Aufgenommen (Sept 2021),306.0,332.0,,,1.0,no,yes,no,<eben>,,,,60.0,https://cloud-affective.dfki.de/index.php/s/gbXtp3tSymEg9Zx/download?path=%2Fmocapdata%2Fsigns&files=EBEN.mp4,https://cloud-affective.dfki.de/index.php/s/gbXtp3tSymEg9Zx/download?path=%2Fmocapdata%2Fsigns%2F_facecam&files=faceCam_EBEN_trimmed.mp4,EBEN
ECHT,Aufgenommen am 30.03.22,226.0,237.0,,,2.0,no,no,no,<echt>,,,,60.0,https://cloud-affective.dfki.de/index.php/s/gbXtp3tSymEg9Zx/download?path=%2Fmocapdata%2Fsigns&files=ECHT.mp4,https://cloud-affective.dfki.de/index.php/s/gbXtp3tSymEg9Zx/download?path=%2Fmocapdata%2Fsigns%2F_facecam&files=faceCam_ECHT_trimmed.mp4,ECHT
EGAL,"Aufgenommen am 30.03.22
Wiederholen (Feb 2023)!!!",163.0,203.0,,,2.0,no,no,no,<egal>,,,,60.0,https://cloud-affective.dfki.de/index.php/s/gbXtp3tSymEg9Zx/download?path=%2Fmocapdata%2Fsigns&files=EGAL.mp4,https://cloud-affective.dfki.de/index.php/s/gbXtp3tSymEg9Zx/download?path=%2Fmocapdata%2Fsigns%2F_facecam&files=faceCam_EGAL_trimmed.mp4,EGAL
EIGENTLICH,"MB zu spät
Wiederholen (Feb 2023)!!!",155.0,197.0,,,1.0,no,yes,no,<eigentlich>,,,,60.0,https://cloud-affective.dfki.de/index.php/s/gbXtp3tSymEg9Zx/download?path=%2Fmocapdata%2Fsigns&files=EIGENTLICH.mp4,https://cloud-affective.dfki.de/index.php/s/gbXtp3tSymEg9Zx/download?path=%2Fmocapdata%2Fsigns%2F_facecam&files=faceCam_EIGENTLICH_trimmed.mp4,EIGENTLICH
EINFLUSS,Aufgenommen (Sept 2021),264.0,297.0,,,2.0,yes,no,no,<einfluss>,,,,60.0,https://cloud-affective.dfki.de/index.php/s/gbXtp3tSymEg9Zx/download?path=%2Fmocapdata%2Fsigns&files=EINFLUSS.mp4,https://cloud-affective.dfki.de/index.php/s/gbXtp3tSymEg9Zx/download?path=%2Fmocapdata%2Fsigns%2F_facecam&files=faceCam_EINFLUSS_trimmed.mp4,EINFLUSS
EINSATZ,Aufgenommen (Sept 2021),205.0,247.0,,,2.0,yes,no,yes,<einsatz>,,,,60.0,https://cloud-affective.dfki.de/index.php/s/gbXtp3tSymEg9Zx/download?path=%2Fmocapdata%2Fsigns&files=EINSATZ.mp4,https://cloud-affective.dfki.de/index.php/s/gbXtp3tSymEg9Zx/download?path=%2Fmocapdata%2Fsigns%2F_facecam&files=faceCam_EINSATZ_trimmed.mp4,EINSATZ
EINSCHRAENKEN,"Aufgenommen am 30.03.22, MB: Einschränkung
Wiederholen (Feb 2023)!!!",150.0,190.0,,,2.0,yes,no,no,<einschränkung>,,,,60.0,https://cloud-affective.dfki.de/index.php/s/gbXtp3tSymEg9Zx/download?path=%2Fmocapdata%2Fsigns&files=EINSCHRAENKEN.mp4,https://cloud-affective.dfki.de/index.php/s/gbXtp3tSymEg9Zx/download?path=%2Fmocapdata%2Fsigns%2F_facecam&files=faceCam_EINSCHRAENKEN_trimmed.mp4,EINSCHRAENKEN
EINSTEIGEN,"Neu aufgenommen am 30.03.22, Video da!!!
---
Wenn, neue Referenzvideo da ist, dann alle Annotationsdaten überprüfen!!! Siehe Satz 40.
Alte Gebärde vom Juli 2021 aufgenommen.",198.0,249.0,,,1.0,yes,no,no,<einsteigen>,,,,60.0,https://cloud-affective.dfki.de/index.php/s/gbXtp3tSymEg9Zx/download?path=%2Fmocapdata%2Fsigns&files=EINSTEIGEN.mp4,https://cloud-affective.dfki.de/index.php/s/gbXtp3tSymEg9Zx/download?path=%2Fmocapdata%2Fsigns%2F_facecam&files=faceCam_EINSTEIGEN_trimmed.mp4,EINSTEIGEN
EINTRAGEN(-plural),"Aufgenommen 29.09.22, ohne Augenblinzeln !!!
Wiederholen (Feb 2023)!!!",184.0,235.0,,,2.0,yes,no,no,gest,,,,60.0,https://cloud-affective.dfki.de/index.php/s/gbXtp3tSymEg9Zx/download?path=%2Fmocapdata%2Fsigns&files=EINTRAGEN(-plural).mp4,https://cloud-affective.dfki.de/index.php/s/gbXtp3tSymEg9Zx/download?path=%2Fmocapdata%2Fsigns%2F_facecam&files=faceCam_EINTRAGEN(-plural)_trimmed.mp4,EINTRAGEN(-plural)
EIS,Aufgenommen (Sept 2021),222.0,245.0,,,2.0,no,no,yes,<eis>,,,,60.0,https://cloud-affective.dfki.de/index.php/s/gbXtp3tSymEg9Zx/download?path=%2Fmocapdata%2Fsigns&files=EIS.mp4,https://cloud-affective.dfki.de/index.php/s/gbXtp3tSymEg9Zx/download?path=%2Fmocapdata%2Fsigns%2F_facecam&files=faceCam_EIS_trimmed.mp4,EIS
EISENACH,Aufgenommen (Dez 2021),235.0,269.0,,Ort,2.0,no,no,yes,<eisenach>,,,,60.0,https://cloud-affective.dfki.de/index.php/s/gbXtp3tSymEg9Zx/download?path=%2Fmocapdata%2Fsigns&files=EISENACH.mp4,https://cloud-affective.dfki.de/index.php/s/gbXtp3tSymEg9Zx/download?path=%2Fmocapdata%2Fsigns%2F_facecam&files=faceCam_EISENACH_trimmed.mp4,EISENACH
EMPFEHLEN,Aufgenommen (Dez 2021),224.0,255.0,,,1.0,yes,yes,no,<empfehlen>,,,,60.0,https://cloud-affective.dfki.de/index.php/s/gbXtp3tSymEg9Zx/download?path=%2Fmocapdata%2Fsigns&files=EMPFEHLEN.mp4,https://cloud-affective.dfki.de/index.php/s/gbXtp3tSymEg9Zx/download?path=%2Fmocapdata%2Fsigns%2F_facecam&files=faceCam_EMPFEHLEN_trimmed.mp4,EMPFEHLEN
ENDE,Aufgenommen (Dez 2021),244.0,254.0,,,2.0,yes,no,yes,<end>,,,,60.0,https://cloud-affective.dfki.de/index.php/s/gbXtp3tSymEg9Zx/download?path=%2Fmocapdata%2Fsigns&files=ENDE.mp4,https://cloud-affective.dfki.de/index.php/s/gbXtp3tSymEg9Zx/download?path=%2Fmocapdata%2Fsigns%2F_facecam&files=faceCam_ENDE_trimmed.mp4,ENDE
ENDE2,Aufgenommen (Dez 2021),243.0,254.0,,,2.0,no,no,yes,<end>,,,,60.0,https://cloud-affective.dfki.de/index.php/s/gbXtp3tSymEg9Zx/download?path=%2Fmocapdata%2Fsigns&files=ENDE2.mp4,https://cloud-affective.dfki.de/index.php/s/gbXtp3tSymEg9Zx/download?path=%2Fmocapdata%2Fsigns%2F_facecam&files=faceCam_ENDE2_trimmed.mp4,ENDE2
ENTKOPPELN,Aufgenommen 21.06.22,212.0,240.0,,,2.0,yes,no,yes,gest,,,,60.0,https://cloud-affective.dfki.de/index.php/s/gbXtp3tSymEg9Zx/download?path=%2Fmocapdata%2Fsigns&files=ENTKOPPELN.mp4,https://cloud-affective.dfki.de/index.php/s/gbXtp3tSymEg9Zx/download?path=%2Fmocapdata%2Fsigns%2F_facecam&files=faceCam_ENTKOPPELN_trimmed.mp4,ENTKOPPELN
ENTSCHEIDUNG,"Aufgenommen am 30.03.22
Wiederholen (Feb 2023)!!!",236.0,294.0,,,2.0,yes,no,yes,<entscheidung>,,,,60.0,https://cloud-affective.dfki.de/index.php/s/gbXtp3tSymEg9Zx/download?path=%2Fmocapdata%2Fsigns&files=ENTSCHEIDUNG.mp4,https://cloud-affective.dfki.de/index.php/s/gbXtp3tSymEg9Zx/download?path=%2Fmocapdata%2Fsigns%2F_facecam&files=faceCam_ENTSCHEIDUNG_trimmed.mp4,ENTSCHEIDUNG
ENTSCHULDIGUNG,Neu aufgenommen am 22.06.22,220.0,257.0,,,2.0,no,no,yes,gest,,,,60.0,https://cloud-affective.dfki.de/index.php/s/gbXtp3tSymEg9Zx/download?path=%2Fmocapdata%2Fsigns&files=ENTSCHULDIGUNG.mp4,https://cloud-affective.dfki.de/index.php/s/gbXtp3tSymEg9Zx/download?path=%2Fmocapdata%2Fsigns%2F_facecam&files=faceCam_ENTSCHULDIGUNG_trimmed.mp4,ENTSCHULDIGUNG
ENTSTEHEN,Aufgenommen 29.09.22,204.0,227.0,,,2.0,yes,no,yes,gest,,,,60.0,https://cloud-affective.dfki.de/index.php/s/gbXtp3tSymEg9Zx/download?path=%2Fmocapdata%2Fsigns&files=ENTSTEHEN.mp4,https://cloud-affective.dfki.de/index.php/s/gbXtp3tSymEg9Zx/download?path=%2Fmocapdata%2Fsigns%2F_facecam&files=faceCam_ENTSTEHEN_trimmed.mp4,ENTSTEHEN
ENTSTEHEN(-plural),Aufgenommen 29.09.22,224.0,296.0,,,2.0,yes,no,no,gest,,,,60.0,https://cloud-affective.dfki.de/index.php/s/gbXtp3tSymEg9Zx/download?path=%2Fmocapdata%2Fsigns&files=ENTSTEHEN(-plural).mp4,https://cloud-affective.dfki.de/index.php/s/gbXtp3tSymEg9Zx/download?path=%2Fmocapdata%2Fsigns%2F_facecam&files=faceCam_ENTSTEHEN(-plural)_trimmed.mp4,ENTSTEHEN(-plural)
ERDE,Aufgenommen (Sept 2021),209.0,247.0,,,1.0,no,no,no,<erd>,,,,60.0,https://cloud-affective.dfki.de/index.php/s/gbXtp3tSymEg9Zx/download?path=%2Fmocapdata%2Fsigns&files=ERDE.mp4,https://cloud-affective.dfki.de/index.php/s/gbXtp3tSymEg9Zx/download?path=%2Fmocapdata%2Fsigns%2F_facecam&files=faceCam_ERDE_trimmed.mp4,ERDE
ERFOLG,Aufgenommen (Sept 2021),274.0,306.0,,,1.0,no,no,no,<erfolg>,,,,60.0,https://cloud-affective.dfki.de/index.php/s/gbXtp3tSymEg9Zx/download?path=%2Fmocapdata%2Fsigns&files=ERFOLG.mp4,https://cloud-affective.dfki.de/index.php/s/gbXtp3tSymEg9Zx/download?path=%2Fmocapdata%2Fsigns%2F_facecam&files=faceCam_ERFOLG_trimmed.mp4,ERFOLG
ERFURT,"Neu aufgenommen am 22.06.22, 
Gebärde bitte nicht so tief, dann wie ""SCHLECHT"".
Wiederholen (Feb 2023)!!!",178.0,210.0,,Ort,1.0,no,no,no,<erfurt>,none,,,60.0,https://cloud-affective.dfki.de/index.php/s/gbXtp3tSymEg9Zx/download?path=%2Fmocapdata%2Fsigns&files=ERFURT.mp4,https://cloud-affective.dfki.de/index.php/s/gbXtp3tSymEg9Zx/download?path=%2Fmocapdata%2Fsigns%2F_facecam&files=faceCam_ERFURT_trimmed.mp4,ERFURT
ERLAUBEN,Aufgenommen (Dez 2021),222.0,250.0,,,2.0,yes,yes, no,gest,,,,60.0,https://cloud-affective.dfki.de/index.php/s/gbXtp3tSymEg9Zx/download?path=%2Fmocapdata%2Fsigns&files=ERLAUBEN.mp4,https://cloud-affective.dfki.de/index.php/s/gbXtp3tSymEg9Zx/download?path=%2Fmocapdata%2Fsigns%2F_facecam&files=faceCam_ERLAUBEN_trimmed.mp4,ERLAUBEN
ERSATZ,"Aufgenommen (Dez 2021)
Wiederholen (Feb 2023)!!!",199.0,221.0,,,2.0,yes,no,yes,<ersatz>,,,,60.0,https://cloud-affective.dfki.de/index.php/s/gbXtp3tSymEg9Zx/download?path=%2Fmocapdata%2Fsigns&files=ERSATZ.mp4,https://cloud-affective.dfki.de/index.php/s/gbXtp3tSymEg9Zx/download?path=%2Fmocapdata%2Fsigns%2F_facecam&files=faceCam_ERSATZ_trimmed.mp4,ERSATZ
ERWEITERN(-wagen),Aufgenommen 21.06.22,226.0,255.0,,,2.0,no,no,yes,gest,,,,60.0,https://cloud-affective.dfki.de/index.php/s/gbXtp3tSymEg9Zx/download?path=%2Fmocapdata%2Fsigns&files=ERWEITERN(-wagen).mp4,https://cloud-affective.dfki.de/index.php/s/gbXtp3tSymEg9Zx/download?path=%2Fmocapdata%2Fsigns%2F_facecam&files=faceCam_ERWEITERN(-wagen)_trimmed.mp4,ERWEITERN(-wagen)
ESSEN,Aufgenommen (Dez 2021),214.0,240.0,,Ort,1.0,no,yes,no,<essen>,,,,60.0,https://cloud-affective.dfki.de/index.php/s/gbXtp3tSymEg9Zx/download?path=%2Fmocapdata%2Fsigns&files=ESSEN.mp4,https://cloud-affective.dfki.de/index.php/s/gbXtp3tSymEg9Zx/download?path=%2Fmocapdata%2Fsigns%2F_facecam&files=faceCam_ESSEN_trimmed.mp4,ESSEN
ESSEN2,Aufgenommen (Dez 2021),343.0,365.0,,,1.0,no,yes,no,gest,,,,60.0,https://cloud-affective.dfki.de/index.php/s/gbXtp3tSymEg9Zx/download?path=%2Fmocapdata%2Fsigns&files=ESSEN2.mp4,https://cloud-affective.dfki.de/index.php/s/gbXtp3tSymEg9Zx/download?path=%2Fmocapdata%2Fsigns%2F_facecam&files=faceCam_ESSEN2_trimmed.mp4,ESSEN2
EURO,Aufgenommen 21.06.22,182.0,204.0,,,1.0,no,no,no,<euro>,,,,60.0,https://cloud-affective.dfki.de/index.php/s/gbXtp3tSymEg9Zx/download?path=%2Fmocapdata%2Fsigns&files=EURO.mp4,https://cloud-affective.dfki.de/index.php/s/gbXtp3tSymEg9Zx/download?path=%2Fmocapdata%2Fsigns%2F_facecam&files=faceCam_EURO_trimmed.mp4,EURO
EXAKT,Aufgenommen (Sept 2021),229.0,241.0,,,2.0,no,no,no,gest,,,,60.0,https://cloud-affective.dfki.de/index.php/s/gbXtp3tSymEg9Zx/download?path=%2Fmocapdata%2Fsigns&files=EXAKT.mp4,https://cloud-affective.dfki.de/index.php/s/gbXtp3tSymEg9Zx/download?path=%2Fmocapdata%2Fsigns%2F_facecam&files=faceCam_EXAKT_trimmed.mp4,EXAKT
EXTRA,Aufgenommen 29.09.22,208.0,240.0,,,2.0,no,no,yes,<extra>,,,,60.0,https://cloud-affective.dfki.de/index.php/s/gbXtp3tSymEg9Zx/download?path=%2Fmocapdata%2Fsigns&files=EXTRA.mp4,https://cloud-affective.dfki.de/index.php/s/gbXtp3tSymEg9Zx/download?path=%2Fmocapdata%2Fsigns%2F_facecam&files=faceCam_EXTRA_trimmed.mp4,EXTRA
FAHRRAD,Aufgenommen 21.06.22,195.0,234.0,,,2.0,no,no,no,<fahrrad>,,,,60.0,https://cloud-affective.dfki.de/index.php/s/gbXtp3tSymEg9Zx/download?path=%2Fmocapdata%2Fsigns&files=FAHRRAD.mp4,https://cloud-affective.dfki.de/index.php/s/gbXtp3tSymEg9Zx/download?path=%2Fmocapdata%2Fsigns%2F_facecam&files=faceCam_FAHRRAD_trimmed.mp4,FAHRRAD
FEHLEN,Aufgenommen 21.06.22,207.0,236.0,,,1.0,no,no,no,<fehlt>,,,,60.0,https://cloud-affective.dfki.de/index.php/s/gbXtp3tSymEg9Zx/download?path=%2Fmocapdata%2Fsigns&files=FEHLEN.mp4,https://cloud-affective.dfki.de/index.php/s/gbXtp3tSymEg9Zx/download?path=%2Fmocapdata%2Fsigns%2F_facecam&files=faceCam_FEHLEN_trimmed.mp4,FEHLEN
FERTIG,Aufgenommen (Dez 2021),232.0,256.0,,,2.0,no,no,yes,<fertig>,,,,60.0,https://cloud-affective.dfki.de/index.php/s/gbXtp3tSymEg9Zx/download?path=%2Fmocapdata%2Fsigns&files=FERTIG.mp4,https://cloud-affective.dfki.de/index.php/s/gbXtp3tSymEg9Zx/download?path=%2Fmocapdata%2Fsigns%2F_facecam&files=faceCam_FERTIG_trimmed.mp4,FERTIG
FEUER,Aufgenommen (Dez 2021),234.0,270.0,,,2.0,yes,no,yes,<feuer>,,,,60.0,https://cloud-affective.dfki.de/index.php/s/gbXtp3tSymEg9Zx/download?path=%2Fmocapdata%2Fsigns&files=FEUER.mp4,https://cloud-affective.dfki.de/index.php/s/gbXtp3tSymEg9Zx/download?path=%2Fmocapdata%2Fsigns%2F_facecam&files=faceCam_FEUER_trimmed.mp4,FEUER
FEUERWEHR,"Aufgenommen (Sept 2021)
Wiederholen (Feb 2023)!!!",182.0,248.0,,,2.0,no,no,no,<feuerwehr>,,,,60.0,https://cloud-affective.dfki.de/index.php/s/gbXtp3tSymEg9Zx/download?path=%2Fmocapdata%2Fsigns&files=FEUERWEHR.mp4,https://cloud-affective.dfki.de/index.php/s/gbXtp3tSymEg9Zx/download?path=%2Fmocapdata%2Fsigns%2F_facecam&files=faceCam_FEUERWEHR_trimmed.mp4,FEUERWEHR
FILM,"Aufgenommen 21.06.22
Wiederholen (Feb 2023)!!!",186.0,233.0,,,1.0,no,no,no,<film>,,,,60.0,https://cloud-affective.dfki.de/index.php/s/gbXtp3tSymEg9Zx/download?path=%2Fmocapdata%2Fsigns&files=FILM.mp4,https://cloud-affective.dfki.de/index.php/s/gbXtp3tSymEg9Zx/download?path=%2Fmocapdata%2Fsigns%2F_facecam&files=faceCam_FILM_trimmed.mp4,FILM
FINDEN,"Aufgenommen (Sept 2021)
Wiederholen (Feb 2023)!!!",158.0,173.0,,,1.0,yes,no,no,<finden,,,,60.0,https://cloud-affective.dfki.de/index.php/s/gbXtp3tSymEg9Zx/download?path=%2Fmocapdata%2Fsigns&files=FINDEN.mp4,https://cloud-affective.dfki.de/index.php/s/gbXtp3tSymEg9Zx/download?path=%2Fmocapdata%2Fsigns%2F_facecam&files=faceCam_FINDEN_trimmed.mp4,FINDEN
FLIEGEN,"Aufgenommen (Sept 2021)
Wiederholen (Feb 2023)!!!",173.0,217.0,,,1.0,yes,no,no,<fliegen>,,,,60.0,https://cloud-affective.dfki.de/index.php/s/gbXtp3tSymEg9Zx/download?path=%2Fmocapdata%2Fsigns&files=FLIEGEN.mp4,https://cloud-affective.dfki.de/index.php/s/gbXtp3tSymEg9Zx/download?path=%2Fmocapdata%2Fsigns%2F_facecam&files=faceCam_FLIEGEN_trimmed.mp4,FLIEGEN
FLUECHTEN,Aufgenommen (Sept 2021),212.0,230.0,,,2.0,yes,no,yes,gest,,,,60.0,https://cloud-affective.dfki.de/index.php/s/gbXtp3tSymEg9Zx/download?path=%2Fmocapdata%2Fsigns&files=FLUECHTEN.mp4,https://cloud-affective.dfki.de/index.php/s/gbXtp3tSymEg9Zx/download?path=%2Fmocapdata%2Fsigns%2F_facecam&files=faceCam_FLUECHTEN_trimmed.mp4,FLUECHTEN
FLUGHAFEN,Aufgenommen (Feb 2023),182.0,231.0,,Ort,1.0,no,no,no,<flughafen>,,,,60.0,https://cloud-affective.dfki.de/index.php/s/gbXtp3tSymEg9Zx/download?path=%2Fmocapdata%2Fsigns&files=FLUGHAFEN.mp4,https://cloud-affective.dfki.de/index.php/s/gbXtp3tSymEg9Zx/download?path=%2Fmocapdata%2Fsigns%2F_facecam&files=faceCam_FLUGHAFEN_trimmed.mp4,FLUGHAFEN
FLUSS,Aufgenommen (Dez 2021),215.0,252.0,,,1.0,yes,no,no,<fluss>,,,,60.0,https://cloud-affective.dfki.de/index.php/s/gbXtp3tSymEg9Zx/download?path=%2Fmocapdata%2Fsigns&files=FLUSS.mp4,https://cloud-affective.dfki.de/index.php/s/gbXtp3tSymEg9Zx/download?path=%2Fmocapdata%2Fsigns%2F_facecam&files=faceCam_FLUSS_trimmed.mp4,FLUSS
FOLGEN,"Aufgenommen (Dez 2021)
Wiederholen (Feb 2023)!!!",156.0,175.0,,,2.0,yes,no,yes,<folg>,,,,60.0,https://cloud-affective.dfki.de/index.php/s/gbXtp3tSymEg9Zx/download?path=%2Fmocapdata%2Fsigns&files=FOLGEN.mp4,https://cloud-affective.dfki.de/index.php/s/gbXtp3tSymEg9Zx/download?path=%2Fmocapdata%2Fsigns%2F_facecam&files=faceCam_FOLGEN_trimmed.mp4,FOLGEN
FORT,Aufgenommen (Dez 2021),220.0,237.0,,,1.0,yes,no,no,<weg>,,,,60.0,https://cloud-affective.dfki.de/index.php/s/gbXtp3tSymEg9Zx/download?path=%2Fmocapdata%2Fsigns&files=FORT.mp4,https://cloud-affective.dfki.de/index.php/s/gbXtp3tSymEg9Zx/download?path=%2Fmocapdata%2Fsigns%2F_facecam&files=faceCam_FORT_trimmed.mp4,FORT
FORTAN,Aufgenommen (Sept 2021),267.0,292.0,,,2.0,yes,no,yes,gest,,,,60.0,https://cloud-affective.dfki.de/index.php/s/gbXtp3tSymEg9Zx/download?path=%2Fmocapdata%2Fsigns&files=FORTAN.mp4,https://cloud-affective.dfki.de/index.php/s/gbXtp3tSymEg9Zx/download?path=%2Fmocapdata%2Fsigns%2F_facecam&files=faceCam_FORTAN_trimmed.mp4,FORTAN
FRAGEN,Aufgenommen 29.09.22,200.0,225.0,,,1.0,yes,yes,no,<frag>,,,,60.0,https://cloud-affective.dfki.de/index.php/s/gbXtp3tSymEg9Zx/download?path=%2Fmocapdata%2Fsigns&files=FRAGEN.mp4,https://cloud-affective.dfki.de/index.php/s/gbXtp3tSymEg9Zx/download?path=%2Fmocapdata%2Fsigns%2F_facecam&files=faceCam_FRAGEN_trimmed.mp4,FRAGEN
FRANKFURT,Aufgenommen (Feb 2023),141.0,201.0,,Ort,2.0,no,no,no,<frankfurt>,,,,60.0,https://cloud-affective.dfki.de/index.php/s/gbXtp3tSymEg9Zx/download?path=%2Fmocapdata%2Fsigns&files=FRANKFURT.mp4,https://cloud-affective.dfki.de/index.php/s/gbXtp3tSymEg9Zx/download?path=%2Fmocapdata%2Fsigns%2F_facecam&files=faceCam_FRANKFURT_trimmed.mp4,FRANKFURT
FREI,Aufgenommen am 30.03.22,177.0,194.0,,,2.0,no,yes,no,<frei>,,,,60.0,https://cloud-affective.dfki.de/index.php/s/gbXtp3tSymEg9Zx/download?path=%2Fmocapdata%2Fsigns&files=FREI.mp4,https://cloud-affective.dfki.de/index.php/s/gbXtp3tSymEg9Zx/download?path=%2Fmocapdata%2Fsigns%2F_facecam&files=faceCam_FREI_trimmed.mp4,FREI
FREIBURG,Aufgenommen (Feb 2023),163.0,209.0,,Ort,2.0,no,no,yes,<freiburg>,,,,60.0,https://cloud-affective.dfki.de/index.php/s/gbXtp3tSymEg9Zx/download?path=%2Fmocapdata%2Fsigns&files=FREIBURG.mp4,https://cloud-affective.dfki.de/index.php/s/gbXtp3tSymEg9Zx/download?path=%2Fmocapdata%2Fsigns%2F_facecam&files=faceCam_FREIBURG_trimmed.mp4,FREIBURG
FRUEHER,"Aufgenommen (Sept 2021)
Wiederholen (Feb 2023)!!!",179.0,223.0,,,1.0,no,no,no,<frueher>,,,,60.0,https://cloud-affective.dfki.de/index.php/s/gbXtp3tSymEg9Zx/download?path=%2Fmocapdata%2Fsigns&files=FRUEHER.mp4,https://cloud-affective.dfki.de/index.php/s/gbXtp3tSymEg9Zx/download?path=%2Fmocapdata%2Fsigns%2F_facecam&files=faceCam_FRUEHER_trimmed.mp4,FRUEHER
FUER,Aufgenommen (Dez 2021),201.0,217.0,,,1.0,yes,no,no,<fuer>,,,,60.0,https://cloud-affective.dfki.de/index.php/s/gbXtp3tSymEg9Zx/download?path=%2Fmocapdata%2Fsigns&files=FUER.mp4,https://cloud-affective.dfki.de/index.php/s/gbXtp3tSymEg9Zx/download?path=%2Fmocapdata%2Fsigns%2F_facecam&files=faceCam_FUER_trimmed.mp4,FUER
FULDA,Aufgenommen (Sept 2021),210.0,253.0,,Ort,1.0,no,no,no,<fulda>,,,,60.0,https://cloud-affective.dfki.de/index.php/s/gbXtp3tSymEg9Zx/download?path=%2Fmocapdata%2Fsigns&files=FULDA.mp4,https://cloud-affective.dfki.de/index.php/s/gbXtp3tSymEg9Zx/download?path=%2Fmocapdata%2Fsigns%2F_facecam&files=faceCam_FULDA_trimmed.mp4,FULDA
GEBAERDEN,Aufgenommen (Sept 2021),219.0,252.0,,,2.0,yes,no,no,gest,,,,60.0,https://cloud-affective.dfki.de/index.php/s/gbXtp3tSymEg9Zx/download?path=%2Fmocapdata%2Fsigns&files=GEBAERDEN.mp4,https://cloud-affective.dfki.de/index.php/s/gbXtp3tSymEg9Zx/download?path=%2Fmocapdata%2Fsigns%2F_facecam&files=faceCam_GEBAERDEN_trimmed.mp4,GEBAERDEN
GEGENSTAND,"Aufgenommen (Sept 2021)
Wiederholen (Feb 2023)!!!",161.0,205.0,,,1.0,no,yes,no,<gegenstand>,,,,60.0,https://cloud-affective.dfki.de/index.php/s/gbXtp3tSymEg9Zx/download?path=%2Fmocapdata%2Fsigns&files=GEGENSTAND.mp4,https://cloud-affective.dfki.de/index.php/s/gbXtp3tSymEg9Zx/download?path=%2Fmocapdata%2Fsigns%2F_facecam&files=faceCam_GEGENSTAND_trimmed.mp4,GEGENSTAND
GEHEN,Aufgenommen 21.06.22,218.0,238.0,,,1.0,yes,no,no,gest,,,,60.0,https://cloud-affective.dfki.de/index.php/s/gbXtp3tSymEg9Zx/download?path=%2Fmocapdata%2Fsigns&files=GEHEN.mp4,https://cloud-affective.dfki.de/index.php/s/gbXtp3tSymEg9Zx/download?path=%2Fmocapdata%2Fsigns%2F_facecam&files=faceCam_GEHEN_trimmed.mp4,GEHEN
GENAU,Aufgenommen 29.09.22,247.0,272.0,,,2.0,no,no,no,<genau>,,,,60.0,https://cloud-affective.dfki.de/index.php/s/gbXtp3tSymEg9Zx/download?path=%2Fmocapdata%2Fsigns&files=GENAU.mp4,https://cloud-affective.dfki.de/index.php/s/gbXtp3tSymEg9Zx/download?path=%2Fmocapdata%2Fsigns%2F_facecam&files=faceCam_GENAU_trimmed.mp4,GENAU
GESCHLOSSEN,Aufgenommen (Dez 2021),218.0,225.0,,,1.0,yes,no,no,<zu>,,,,60.0,https://cloud-affective.dfki.de/index.php/s/gbXtp3tSymEg9Zx/download?path=%2Fmocapdata%2Fsigns&files=GESCHLOSSEN.mp4,https://cloud-affective.dfki.de/index.php/s/gbXtp3tSymEg9Zx/download?path=%2Fmocapdata%2Fsigns%2F_facecam&files=faceCam_GESCHLOSSEN_trimmed.mp4,GESCHLOSSEN
GESCHWINDIGKEIT,"Aufgenommen (Sept 2021)
Wiederholen (Feb 2023)!!!",135.0,191.0,,,2.0,no,no,no,<geschwindigkeit>,,,,60.0,https://cloud-affective.dfki.de/index.php/s/gbXtp3tSymEg9Zx/download?path=%2Fmocapdata%2Fsigns&files=GESCHWINDIGKEIT.mp4,https://cloud-affective.dfki.de/index.php/s/gbXtp3tSymEg9Zx/download?path=%2Fmocapdata%2Fsigns%2F_facecam&files=faceCam_GESCHWINDIGKEIT_trimmed.mp4,GESCHWINDIGKEIT
GEWESEN,"Neu aufgenommen am 30.03.22, aber die Gebärde ist viel zu tief, nicht natürlich. Bitte schaue Satz 60 und mache das nach!!! Muss wiederholen!
---
Wenn, neue Referenzvideo da ist, dann alle Annotationsdaten überprüfen!!! NOVA-Annotation prüfen/korrigieren: Nicht-dom-hand: Entspannt?! eingeben!
---
Alte Gebärde vom September 2021 aufgenommen.",156.0,171.0,,,2.0,no,no,no,<gewesen>,,,,60.0,https://cloud-affective.dfki.de/index.php/s/gbXtp3tSymEg9Zx/download?path=%2Fmocapdata%2Fsigns&files=GEWESEN.mp4,https://cloud-affective.dfki.de/index.php/s/gbXtp3tSymEg9Zx/download?path=%2Fmocapdata%2Fsigns%2F_facecam&files=faceCam_GEWESEN_trimmed.mp4,GEWESEN
GLEIS,"Neu aufgenommen am 01.07.21, alles ok.",143.0,174.0,,,1.0,yes,no,no ,<gleis>,"{04470914} S: (n) track (track%1:06:01::), rail (rail%1:06:01::), rails (rails%1:06:00::), runway (runway%1:06:02::) (a bar or pair of parallel bars of rolled steel making the railway along which railroad cars or other vehicles can roll)",Absent,https://signdict.org/entry/1816-gleis,60.0,https://cloud-affective.dfki.de/index.php/s/gbXtp3tSymEg9Zx/download?path=%2Fmocapdata%2Fsigns&files=GLEIS.mp4,https://cloud-affective.dfki.de/index.php/s/gbXtp3tSymEg9Zx/download?path=%2Fmocapdata%2Fsigns%2F_facecam&files=faceCam_GLEIS_trimmed.mp4,GLEIS
GOTHA,Aufgenommen (Dez 2021),222.0,255.0,,Ort,1.0,no,yes,no,<gotha>,,,,60.0,https://cloud-affective.dfki.de/index.php/s/gbXtp3tSymEg9Zx/download?path=%2Fmocapdata%2Fsigns&files=GOTHA.mp4,https://cloud-affective.dfki.de/index.php/s/gbXtp3tSymEg9Zx/download?path=%2Fmocapdata%2Fsigns%2F_facecam&files=faceCam_GOTHA_trimmed.mp4,GOTHA
GROSS,Aufgenommen (Sept 2021),262.0,302.0,,,2.0,yes,no,no,<gross>,,,,60.0,https://cloud-affective.dfki.de/index.php/s/gbXtp3tSymEg9Zx/download?path=%2Fmocapdata%2Fsigns&files=GROSS.mp4,https://cloud-affective.dfki.de/index.php/s/gbXtp3tSymEg9Zx/download?path=%2Fmocapdata%2Fsigns%2F_facecam&files=faceCam_GROSS_trimmed.mp4,GROSS
GRUND,"Aufgenommen am 30.03.22 (wiederholt), Video da.
GRUND mehrmals tippen, eigentlich nur zweimal! Und Mundbild ""u"" ist am Anfang zu lang zu sehen, was es nicht sein sollte! 
--
Video wurde im NOVA noch nicht ausgetauscht!",186.0,204.0,,,2.0,no,no,yes,<grund>,,,,60.0,https://cloud-affective.dfki.de/index.php/s/gbXtp3tSymEg9Zx/download?path=%2Fmocapdata%2Fsigns&files=GRUND.mp4,https://cloud-affective.dfki.de/index.php/s/gbXtp3tSymEg9Zx/download?path=%2Fmocapdata%2Fsigns%2F_facecam&files=faceCam_GRUND_trimmed.mp4,GRUND
HALLE,Aufgenommen 29.09.22,206.0,226.0,,,2.0,yes,no,yes,<halle>,,,,60.0,https://cloud-affective.dfki.de/index.php/s/gbXtp3tSymEg9Zx/download?path=%2Fmocapdata%2Fsigns&files=HALLE.mp4,https://cloud-affective.dfki.de/index.php/s/gbXtp3tSymEg9Zx/download?path=%2Fmocapdata%2Fsigns%2F_facecam&files=faceCam_HALLE_trimmed.mp4,HALLE
HALLE(-Ort),Aufgenommen (Feb 2023),198.0,217.0,,Ort,1.0,no,yes,no,<halle>,,,,60.0,https://cloud-affective.dfki.de/index.php/s/gbXtp3tSymEg9Zx/download?path=%2Fmocapdata%2Fsigns&files=HALLE(-Ort).mp4,https://cloud-affective.dfki.de/index.php/s/gbXtp3tSymEg9Zx/download?path=%2Fmocapdata%2Fsigns%2F_facecam&files=faceCam_HALLE(-Ort)_trimmed.mp4,HALLE(-Ort)
HALLO,"Muss wiederholen, Anfang Mundbild zu früh! Einhändig!
---
Wenn, neue Referenzvideo da ist, dann alle Annotationsdaten überprüfen!!! 
Gebärde vom Sept 22.06.22 aufgenommen.",191.0,241.0,,,1.0,no,no,no,<hallo>,,,,60.0,https://cloud-affective.dfki.de/index.php/s/gbXtp3tSymEg9Zx/download?path=%2Fmocapdata%2Fsigns&files=HALLO.mp4,https://cloud-affective.dfki.de/index.php/s/gbXtp3tSymEg9Zx/download?path=%2Fmocapdata%2Fsigns%2F_facecam&files=faceCam_HALLO_trimmed.mp4,HALLO
HALT,"Aufgenommen (Dez 2021) 
Mundbild viel zu früh vor dem Gebärde, wiederholen!!! Wie Satz 68.",209.0,227.0,,,1.0,yes,no,no,<halt>,,,,60.0,https://cloud-affective.dfki.de/index.php/s/gbXtp3tSymEg9Zx/download?path=%2Fmocapdata%2Fsigns&files=HALT.mp4,https://cloud-affective.dfki.de/index.php/s/gbXtp3tSymEg9Zx/download?path=%2Fmocapdata%2Fsigns%2F_facecam&files=faceCam_HALT_trimmed.mp4,HALT
HAMBURG,"Aufgenommen (Dez 2021)
Wiederholen (Feb 2023)!!!",210.0,239.0,,Ort,1.0,no,no,no,<hamburg>,,,,60.0,https://cloud-affective.dfki.de/index.php/s/gbXtp3tSymEg9Zx/download?path=%2Fmocapdata%2Fsigns&files=HAMBURG.mp4,https://cloud-affective.dfki.de/index.php/s/gbXtp3tSymEg9Zx/download?path=%2Fmocapdata%2Fsigns%2F_facecam&files=faceCam_HAMBURG_trimmed.mp4,HAMBURG
HANNOVER,"Neu aufgenommen am 22.06.22, alles ok.",217.0,257.0,,Ort,1.0,no,no,no,<hannover>,"{08791512} S: (n) Hannover (hannover%1:15:00::), Hanover (hanover%1:15:00::) (a port city in northwestern Germany; formerly a member of the Hanseatic League)",,,60.0,https://cloud-affective.dfki.de/index.php/s/gbXtp3tSymEg9Zx/download?path=%2Fmocapdata%2Fsigns&files=HANNOVER.mp4,https://cloud-affective.dfki.de/index.php/s/gbXtp3tSymEg9Zx/download?path=%2Fmocapdata%2Fsigns%2F_facecam&files=faceCam_HANNOVER_trimmed.mp4,HANNOVER
HAUPT,Aufgenommen 29.09.22,192.0,216.0,,,1.0,no,no,no,<haupt>,,,,60.0,https://cloud-affective.dfki.de/index.php/s/gbXtp3tSymEg9Zx/download?path=%2Fmocapdata%2Fsigns&files=HAUPT.mp4,https://cloud-affective.dfki.de/index.php/s/gbXtp3tSymEg9Zx/download?path=%2Fmocapdata%2Fsigns%2F_facecam&files=faceCam_HAUPT_trimmed.mp4,HAUPT
HAUPTBAHNHOF,"Mundbild und Gebärde nicht gleichzeitig beendet, wiederholen!!!",177.0,242.0,,,1.0,no,yes,no,<hauptbahnhof>,,,,60.0,https://cloud-affective.dfki.de/index.php/s/gbXtp3tSymEg9Zx/download?path=%2Fmocapdata%2Fsigns&files=HAUPTBAHNHOF.mp4,https://cloud-affective.dfki.de/index.php/s/gbXtp3tSymEg9Zx/download?path=%2Fmocapdata%2Fsigns%2F_facecam&files=faceCam_HAUPTBAHNHOF_trimmed.mp4,HAUPTBAHNHOF
HAVEL,"Wie Fluß (Elbe), ist bei Stadt Brandenburg.
Aufgenommen (Feb 2023)",221.0,257.0,,Ort,1.0,no,no,no,<havel>,,,,60.0,https://cloud-affective.dfki.de/index.php/s/gbXtp3tSymEg9Zx/download?path=%2Fmocapdata%2Fsigns&files=HAVEL.mp4,https://cloud-affective.dfki.de/index.php/s/gbXtp3tSymEg9Zx/download?path=%2Fmocapdata%2Fsigns%2F_facecam&files=faceCam_HAVEL_trimmed.mp4,HAVEL
HEFTIG,Aufgenommen 29.09.22,181.0,212.0,,,1.0,no,no,no,gest,,,,60.0,https://cloud-affective.dfki.de/index.php/s/gbXtp3tSymEg9Zx/download?path=%2Fmocapdata%2Fsigns&files=HEFTIG.mp4,https://cloud-affective.dfki.de/index.php/s/gbXtp3tSymEg9Zx/download?path=%2Fmocapdata%2Fsigns%2F_facecam&files=faceCam_HEFTIG_trimmed.mp4,HEFTIG
HELFEN,Aufgenommen am 30.03.22,196.0,230.0,,,2.0,yes,no,yes,<helfen>,,,,60.0,https://cloud-affective.dfki.de/index.php/s/gbXtp3tSymEg9Zx/download?path=%2Fmocapdata%2Fsigns&files=HELFEN.mp4,https://cloud-affective.dfki.de/index.php/s/gbXtp3tSymEg9Zx/download?path=%2Fmocapdata%2Fsigns%2F_facecam&files=faceCam_HELFEN_trimmed.mp4,HELFEN
HERUMGEHEN,Aufgenommen 29.09.22,195.0,242.0,,,1.0,yes,no,no,gest,,,,60.0,https://cloud-affective.dfki.de/index.php/s/gbXtp3tSymEg9Zx/download?path=%2Fmocapdata%2Fsigns&files=HERUMGEHEN.mp4,https://cloud-affective.dfki.de/index.php/s/gbXtp3tSymEg9Zx/download?path=%2Fmocapdata%2Fsigns%2F_facecam&files=faceCam_HERUMGEHEN_trimmed.mp4,HERUMGEHEN
HEUTE,"Neu aufgenommen am 22.06.22, alles ok.",188.0,212.0,,,1.0,no,no,no,<heute>,"{15180961} S: (n) today (today%1:28:01::) (the day that includes the present moment (as opposed to yesterday or tomorrow)) ""Today is beautiful""; ""did you see today's newspaper?""",,,60.0,https://cloud-affective.dfki.de/index.php/s/gbXtp3tSymEg9Zx/download?path=%2Fmocapdata%2Fsigns&files=HEUTE.mp4,https://cloud-affective.dfki.de/index.php/s/gbXtp3tSymEg9Zx/download?path=%2Fmocapdata%2Fsigns%2F_facecam&files=faceCam_HEUTE_trimmed.mp4,HEUTE
HIER,"Aufgenommen (Dez 2021)
Wiederholen (Feb 2023)!!!",186.0,216.0,,,1.0,no,no,no,<hier>,,,,60.0,https://cloud-affective.dfki.de/index.php/s/gbXtp3tSymEg9Zx/download?path=%2Fmocapdata%2Fsigns&files=HIER.mp4,https://cloud-affective.dfki.de/index.php/s/gbXtp3tSymEg9Zx/download?path=%2Fmocapdata%2Fsigns%2F_facecam&files=faceCam_HIER_trimmed.mp4,HIER
HINSEHEN,Aufgenommen 29.09.22,197.0,288.0,,,1.0,yes,yes,no,gest,,,,60.0,https://cloud-affective.dfki.de/index.php/s/gbXtp3tSymEg9Zx/download?path=%2Fmocapdata%2Fsigns&files=HINSEHEN.mp4,https://cloud-affective.dfki.de/index.php/s/gbXtp3tSymEg9Zx/download?path=%2Fmocapdata%2Fsigns%2F_facecam&files=faceCam_HINSEHEN_trimmed.mp4,HINSEHEN
HINSEHEN(-mich),Aufgenommen 29.09.22,238.0,270.0,,,2.0,no,no,no,gest,,,,60.0,https://cloud-affective.dfki.de/index.php/s/gbXtp3tSymEg9Zx/download?path=%2Fmocapdata%2Fsigns&files=HINSEHEN(-mich).mp4,https://cloud-affective.dfki.de/index.php/s/gbXtp3tSymEg9Zx/download?path=%2Fmocapdata%2Fsigns%2F_facecam&files=faceCam_HINSEHEN(-mich)_trimmed.mp4,HINSEHEN(-mich)
HINTEN,Aufgenommen (Sept 2021),231.0,268.0,,,1.0,yes,no,no,<hinten>,,,,60.0,https://cloud-affective.dfki.de/index.php/s/gbXtp3tSymEg9Zx/download?path=%2Fmocapdata%2Fsigns&files=HINTEN.mp4,https://cloud-affective.dfki.de/index.php/s/gbXtp3tSymEg9Zx/download?path=%2Fmocapdata%2Fsigns%2F_facecam&files=faceCam_HINTEN_trimmed.mp4,HINTEN
HINTEN2,Aufgenommen 21.06.22,317.0,351.0,,,1.0,no,no,no,<hinten>,,,,60.0,https://cloud-affective.dfki.de/index.php/s/gbXtp3tSymEg9Zx/download?path=%2Fmocapdata%2Fsigns&files=HINTEN2.mp4,https://cloud-affective.dfki.de/index.php/s/gbXtp3tSymEg9Zx/download?path=%2Fmocapdata%2Fsigns%2F_facecam&files=faceCam_HINTEN2_trimmed.mp4,HINTEN2
HOCHWASSER,Aufgenommen (Sept 2021),254.0,289.0,,,2.0,no,no,no,<hochwasser>,,,,60.0,https://cloud-affective.dfki.de/index.php/s/gbXtp3tSymEg9Zx/download?path=%2Fmocapdata%2Fsigns&files=HOCHWASSER.mp4,https://cloud-affective.dfki.de/index.php/s/gbXtp3tSymEg9Zx/download?path=%2Fmocapdata%2Fsigns%2F_facecam&files=faceCam_HOCHWASSER_trimmed.mp4,HOCHWASSER
HUSUM,Aufgenommen (Feb 2023),260.0,298.0,,Ort,1.0,no,yes,no,<husum>,,,,60.0,https://cloud-affective.dfki.de/index.php/s/gbXtp3tSymEg9Zx/download?path=%2Fmocapdata%2Fsigns&files=HUSUM.mp4,https://cloud-affective.dfki.de/index.php/s/gbXtp3tSymEg9Zx/download?path=%2Fmocapdata%2Fsigns%2F_facecam&files=faceCam_HUSUM_trimmed.mp4,HUSUM
ICE,"Aufgenommen (Sept 2021)
Mundbild ""i"" etwas zu früh vor dem Gebärde, wiederholen!!!",210.0,225.0,,,1.0,no,no,no,<i-c-e>,,,,60.0,https://cloud-affective.dfki.de/index.php/s/gbXtp3tSymEg9Zx/download?path=%2Fmocapdata%2Fsigns&files=ICE.mp4,https://cloud-affective.dfki.de/index.php/s/gbXtp3tSymEg9Zx/download?path=%2Fmocapdata%2Fsigns%2F_facecam&files=faceCam_ICE_trimmed.mp4,ICE
ICH,Aufgenommen 29.09.22,174.0,183.0,,,1.0,no,no,no,<ich>,,,,60.0,https://cloud-affective.dfki.de/index.php/s/gbXtp3tSymEg9Zx/download?path=%2Fmocapdata%2Fsigns&files=ICH.mp4,https://cloud-affective.dfki.de/index.php/s/gbXtp3tSymEg9Zx/download?path=%2Fmocapdata%2Fsigns%2F_facecam&files=faceCam_ICH_trimmed.mp4,ICH
IHR,Aufgenommen 29.09.22,187.0,204.0,,,1.0,no,no,no,gest,,,,60.0,https://cloud-affective.dfki.de/index.php/s/gbXtp3tSymEg9Zx/download?path=%2Fmocapdata%2Fsigns&files=IHR.mp4,https://cloud-affective.dfki.de/index.php/s/gbXtp3tSymEg9Zx/download?path=%2Fmocapdata%2Fsigns%2F_facecam&files=faceCam_IHR_trimmed.mp4,IHR
IHR-ALLE,Neu aufgenommen am 22.06.22,214.0,253.0,,,2.0,no,no,yes ,"gest-smile
",,,,60.0,https://cloud-affective.dfki.de/index.php/s/gbXtp3tSymEg9Zx/download?path=%2Fmocapdata%2Fsigns&files=IHR-ALLE.mp4,https://cloud-affective.dfki.de/index.php/s/gbXtp3tSymEg9Zx/download?path=%2Fmocapdata%2Fsigns%2F_facecam&files=faceCam_IHR-ALLE_trimmed.mp4,IHR-ALLE
IN,Aufgenommen (Dez 2021),207.0,217.0,,,1.0,no,no,no,<in>,,,,60.0,https://cloud-affective.dfki.de/index.php/s/gbXtp3tSymEg9Zx/download?path=%2Fmocapdata%2Fsigns&files=IN.mp4,https://cloud-affective.dfki.de/index.php/s/gbXtp3tSymEg9Zx/download?path=%2Fmocapdata%2Fsigns%2F_facecam&files=faceCam_IN_trimmed.mp4,IN
IN-ORDNUNG,Aufgenommen am 30.03.22,192.0,209.0,,,2.0,no,no,no,<in ordnung>,,,,60.0,https://cloud-affective.dfki.de/index.php/s/gbXtp3tSymEg9Zx/download?path=%2Fmocapdata%2Fsigns&files=IN-ORDNUNG.mp4,https://cloud-affective.dfki.de/index.php/s/gbXtp3tSymEg9Zx/download?path=%2Fmocapdata%2Fsigns%2F_facecam&files=faceCam_IN-ORDNUNG_trimmed.mp4,IN-ORDNUNG
INDEX,Aufgenommen 21.06.22,198.0,208.0,,,1.0,yes,no,no,gest,,,,60.0,https://cloud-affective.dfki.de/index.php/s/gbXtp3tSymEg9Zx/download?path=%2Fmocapdata%2Fsigns&files=INDEX.mp4,https://cloud-affective.dfki.de/index.php/s/gbXtp3tSymEg9Zx/download?path=%2Fmocapdata%2Fsigns%2F_facecam&files=faceCam_INDEX_trimmed.mp4,INDEX
INDEX(-plural),Aufgenommen (Dez 2021),222.0,257.0,-6.0,,1.0,yes,no,no,gest,,,,60.0,https://cloud-affective.dfki.de/index.php/s/gbXtp3tSymEg9Zx/download?path=%2Fmocapdata%2Fsigns&files=INDEX(-plural).mp4,https://cloud-affective.dfki.de/index.php/s/gbXtp3tSymEg9Zx/download?path=%2Fmocapdata%2Fsigns%2F_facecam&files=faceCam_INDEX(-plural)_trimmed.mp4,INDEX(-plural)
INDEX2,Aufgenommen 21.06.22,214.0,234.0,,,1.0,yes,no,no,gest,none,,,60.0,https://cloud-affective.dfki.de/index.php/s/gbXtp3tSymEg9Zx/download?path=%2Fmocapdata%2Fsigns&files=INDEX2.mp4,https://cloud-affective.dfki.de/index.php/s/gbXtp3tSymEg9Zx/download?path=%2Fmocapdata%2Fsigns%2F_facecam&files=faceCam_INDEX2_trimmed.mp4,INDEX2
INFORMATION,"Aufgenommen (Sept 2021)
Mundbild ""i"" zu früh und Gebärde nicht gleichzeitig beendet, wiederholen!!!",174.0,196.0,,,2.0,yes,no,no,<info>,,,,60.0,https://cloud-affective.dfki.de/index.php/s/gbXtp3tSymEg9Zx/download?path=%2Fmocapdata%2Fsigns&files=INFORMATION.mp4,https://cloud-affective.dfki.de/index.php/s/gbXtp3tSymEg9Zx/download?path=%2Fmocapdata%2Fsigns%2F_facecam&files=faceCam_INFORMATION_trimmed.mp4,INFORMATION
INFORMATION(-nach-hinten),"Aufgenommen 21.06.22
Wiederholen (Feb 2023)!!!",215.0,234.0,,,2.0,yes,no,yes,<info>,,,,60.0,https://cloud-affective.dfki.de/index.php/s/gbXtp3tSymEg9Zx/download?path=%2Fmocapdata%2Fsigns&files=INFORMATION(-nach-hinten).mp4,https://cloud-affective.dfki.de/index.php/s/gbXtp3tSymEg9Zx/download?path=%2Fmocapdata%2Fsigns%2F_facecam&files=faceCam_INFORMATION(-nach-hinten)_trimmed.mp4,INFORMATION(-nach-hinten)
INGOLSTADT,"Aufgenommen 21.06.22
Wiederholen (Feb 2023)!!!",229.0,272.0,,Ort,1.0,no,yes,no,<ingolstadt>,,,,60.0,https://cloud-affective.dfki.de/index.php/s/gbXtp3tSymEg9Zx/download?path=%2Fmocapdata%2Fsigns&files=INGOLSTADT.mp4,https://cloud-affective.dfki.de/index.php/s/gbXtp3tSymEg9Zx/download?path=%2Fmocapdata%2Fsigns%2F_facecam&files=faceCam_INGOLSTADT_trimmed.mp4,INGOLSTADT
INNSBRUCK,Aufgenommen 21.06.22,200.0,262.0,,Ort,2.0,no,yes,no,<innsbruck>,,,,60.0,https://cloud-affective.dfki.de/index.php/s/gbXtp3tSymEg9Zx/download?path=%2Fmocapdata%2Fsigns&files=INNSBRUCK.mp4,https://cloud-affective.dfki.de/index.php/s/gbXtp3tSymEg9Zx/download?path=%2Fmocapdata%2Fsigns%2F_facecam&files=faceCam_INNSBRUCK_trimmed.mp4,INNSBRUCK
JETZT,"""Neu aufgenommen am 30.03.22, Video da!!!
---
Wenn, neue Referenzvideo da ist, dann alle Annotationsdaten überprüfen!!! 
---
Bitte nehmt als Referenzvideo die aktuellere Aufnahme vom Satz 22 auf. Ist neutraler. Nur einmal Bewegung nach unten, nicht mehrmals! Beidhändig.
Falsches Referenzvideo: https://hcm-lab.de/nova/download?path=%2Favasag_gebaerden%2FJETZT&files=gebaerdler.gebaerde.mp4

Satz 22, JETZT ab 0:04: https://drive.google.com/file/d/1ThJuZkiWqtvtmhplySEQQE4oZgrFCeKk/view?usp=sharing",204.0,222.0,,,2.0,no,no,no,<jez>,,,,60.0,https://cloud-affective.dfki.de/index.php/s/gbXtp3tSymEg9Zx/download?path=%2Fmocapdata%2Fsigns&files=JETZT.mp4,https://cloud-affective.dfki.de/index.php/s/gbXtp3tSymEg9Zx/download?path=%2Fmocapdata%2Fsigns%2F_facecam&files=faceCam_JETZT_trimmed.mp4,JETZT
KANN,Aufgenommen (Dez 2021),226.0,239.0,,,2.0,no,no,no,<kann>,,,,60.0,https://cloud-affective.dfki.de/index.php/s/gbXtp3tSymEg9Zx/download?path=%2Fmocapdata%2Fsigns&files=KANN.mp4,https://cloud-affective.dfki.de/index.php/s/gbXtp3tSymEg9Zx/download?path=%2Fmocapdata%2Fsigns%2F_facecam&files=faceCam_KANN_trimmed.mp4,KANN
KANN-NICHT,Aufgenommen (Dez 2021),224.0,257.0,,,2.0,no,no,no,<kann-nicht>,,,,60.0,https://cloud-affective.dfki.de/index.php/s/gbXtp3tSymEg9Zx/download?path=%2Fmocapdata%2Fsigns&files=KANN-NICHT.mp4,https://cloud-affective.dfki.de/index.php/s/gbXtp3tSymEg9Zx/download?path=%2Fmocapdata%2Fsigns%2F_facecam&files=faceCam_KANN-NICHT_trimmed.mp4,KANN-NICHT
KAPUTT,"Fehlt, bitte wie Satz 224.
Wenn RV da ist, Annotation prüfen!
Aufgenommen (Feb 2023)",170.0,202.0,,,2.0,yes,no,yes,<kaputt>,,,,60.0,https://cloud-affective.dfki.de/index.php/s/gbXtp3tSymEg9Zx/download?path=%2Fmocapdata%2Fsigns&files=KAPUTT.mp4,https://cloud-affective.dfki.de/index.php/s/gbXtp3tSymEg9Zx/download?path=%2Fmocapdata%2Fsigns%2F_facecam&files=faceCam_KAPUTT_trimmed.mp4,KAPUTT
KIEL,Aufgenommen (Feb 2023),224.0,235.0,,Ort,1.0,no,yes,no,<kiel>,,,,60.0,https://cloud-affective.dfki.de/index.php/s/gbXtp3tSymEg9Zx/download?path=%2Fmocapdata%2Fsigns&files=KIEL.mp4,https://cloud-affective.dfki.de/index.php/s/gbXtp3tSymEg9Zx/download?path=%2Fmocapdata%2Fsigns%2F_facecam&files=faceCam_KIEL_trimmed.mp4,KIEL
KLASSE,"Aufgenommen (Dez 2021)
Wiederholen (Feb 2023)!!!",287.0,316.0,,,2.0,no,no,yes,<klasse>,,,,60.0,https://cloud-affective.dfki.de/index.php/s/gbXtp3tSymEg9Zx/download?path=%2Fmocapdata%2Fsigns&files=KLASSE.mp4,https://cloud-affective.dfki.de/index.php/s/gbXtp3tSymEg9Zx/download?path=%2Fmocapdata%2Fsigns%2F_facecam&files=faceCam_KLASSE_trimmed.mp4,KLASSE
KOELN,"Neu aufgenommen am 22.06.22, alles ok.",190.0,216.0,,Ort,2.0,no,no,no,<koeln>,"{08790140} S: (n) Cologne (cologne%1:15:00::), Koln (koln%1:15:00::) (a commercial center and river port in western Germany on the Rhine River; flourished during the 15th century as a member of the Hanseatic League)",,,60.0,https://cloud-affective.dfki.de/index.php/s/gbXtp3tSymEg9Zx/download?path=%2Fmocapdata%2Fsigns&files=KOELN.mp4,https://cloud-affective.dfki.de/index.php/s/gbXtp3tSymEg9Zx/download?path=%2Fmocapdata%2Fsigns%2F_facecam&files=faceCam_KOELN_trimmed.mp4,KOELN
KOFFER,Aufgenommen 29.09.22,158.0,192.0,,,1.0,no,no,no,<koffer>,,,,60.0,https://cloud-affective.dfki.de/index.php/s/gbXtp3tSymEg9Zx/download?path=%2Fmocapdata%2Fsigns&files=KOFFER.mp4,https://cloud-affective.dfki.de/index.php/s/gbXtp3tSymEg9Zx/download?path=%2Fmocapdata%2Fsigns%2F_facecam&files=faceCam_KOFFER_trimmed.mp4,KOFFER
KOLLEGE,Aufgenommen 29.09.22,183.0,212.0,,,1.0,no,yes,no,<kollege>,,,,60.0,https://cloud-affective.dfki.de/index.php/s/gbXtp3tSymEg9Zx/download?path=%2Fmocapdata%2Fsigns&files=KOLLEGE.mp4,https://cloud-affective.dfki.de/index.php/s/gbXtp3tSymEg9Zx/download?path=%2Fmocapdata%2Fsigns%2F_facecam&files=faceCam_KOLLEGE_trimmed.mp4,KOLLEGE
KOMMEN,"Falsch aufgenommen 29.09.22
Bitte wie Satz 124, MB: <komm> wiederholen: (KOMM, von vorne zu mir), dann Annotation prüfen!!!",248.0,262.0,,,1.0,yes,no,no,<komm>,,,,60.0,https://cloud-affective.dfki.de/index.php/s/gbXtp3tSymEg9Zx/download?path=%2Fmocapdata%2Fsigns&files=KOMMEN.mp4,https://cloud-affective.dfki.de/index.php/s/gbXtp3tSymEg9Zx/download?path=%2Fmocapdata%2Fsigns%2F_facecam&files=faceCam_KOMMEN_trimmed.mp4,KOMMEN
KOMMEN(-von-hinten),ok,130.0,148.0,,,1.0,yes,no,no,<komm>,,,,60.0,https://cloud-affective.dfki.de/index.php/s/gbXtp3tSymEg9Zx/download?path=%2Fmocapdata%2Fsigns&files=KOMMEN(-von-hinten).mp4,https://cloud-affective.dfki.de/index.php/s/gbXtp3tSymEg9Zx/download?path=%2Fmocapdata%2Fsigns%2F_facecam&files=faceCam_KOMMEN(-von-hinten)_trimmed.mp4,KOMMEN(-von-hinten)
KOMMEN2,"Aufgenommen (Dez 2021), MB zu früh.
Wiederholen (Feb 2023)!!!",229.0,247.0,,,1.0,no,no,no,<komm>,,,,60.0,https://cloud-affective.dfki.de/index.php/s/gbXtp3tSymEg9Zx/download?path=%2Fmocapdata%2Fsigns&files=KOMMEN2.mp4,https://cloud-affective.dfki.de/index.php/s/gbXtp3tSymEg9Zx/download?path=%2Fmocapdata%2Fsigns%2F_facecam&files=faceCam_KOMMEN2_trimmed.mp4,KOMMEN2
KOPPELN,Aufgenommen 21.06.22,218.0,233.0,,,2.0,yes,no,yes,gest,,,,60.0,https://cloud-affective.dfki.de/index.php/s/gbXtp3tSymEg9Zx/download?path=%2Fmocapdata%2Fsigns&files=KOPPELN.mp4,https://cloud-affective.dfki.de/index.php/s/gbXtp3tSymEg9Zx/download?path=%2Fmocapdata%2Fsigns%2F_facecam&files=faceCam_KOPPELN_trimmed.mp4,KOPPELN
KRANK,Aufgenommen am 30.03.22,220.0,242.0,,,1.0,no,yes,no,<krank>,,,,60.0,https://cloud-affective.dfki.de/index.php/s/gbXtp3tSymEg9Zx/download?path=%2Fmocapdata%2Fsigns&files=KRANK.mp4,https://cloud-affective.dfki.de/index.php/s/gbXtp3tSymEg9Zx/download?path=%2Fmocapdata%2Fsigns%2F_facecam&files=faceCam_KRANK_trimmed.mp4,KRANK
KUEMMERN,"Aufgenommen (Sept 2021)
Wiederholen (Feb 2023)!!!",280.0,325.0,,,1.0,yes,no,no,<kuemmern>,,,,60.0,https://cloud-affective.dfki.de/index.php/s/gbXtp3tSymEg9Zx/download?path=%2Fmocapdata%2Fsigns&files=KUEMMERN.mp4,https://cloud-affective.dfki.de/index.php/s/gbXtp3tSymEg9Zx/download?path=%2Fmocapdata%2Fsigns%2F_facecam&files=faceCam_KUEMMERN_trimmed.mp4,KUEMMERN
KULANZ,Aufgenommen 29.09.22,173.0,204.0,,,1.0,no,yes,no,<kulanz>,,,,60.0,https://cloud-affective.dfki.de/index.php/s/gbXtp3tSymEg9Zx/download?path=%2Fmocapdata%2Fsigns&files=KULANZ.mp4,https://cloud-affective.dfki.de/index.php/s/gbXtp3tSymEg9Zx/download?path=%2Fmocapdata%2Fsigns%2F_facecam&files=faceCam_KULANZ_trimmed.mp4,KULANZ
KURSWAGEN,Aufgenommen 21.06.22,244.0,294.0,,,2.0,yes,no,yes,<kurswagen>,,,,60.0,https://cloud-affective.dfki.de/index.php/s/gbXtp3tSymEg9Zx/download?path=%2Fmocapdata%2Fsigns&files=KURSWAGEN.mp4,https://cloud-affective.dfki.de/index.php/s/gbXtp3tSymEg9Zx/download?path=%2Fmocapdata%2Fsigns%2F_facecam&files=faceCam_KURSWAGEN_trimmed.mp4,KURSWAGEN
LAND,"Aufgenommen (Sept 2021)
Wiederholen (Feb 2023)!!!",221.0,235.0,,,2.0,yes,no,yes,<land>,,,,60.0,https://cloud-affective.dfki.de/index.php/s/gbXtp3tSymEg9Zx/download?path=%2Fmocapdata%2Fsigns&files=LAND.mp4,https://cloud-affective.dfki.de/index.php/s/gbXtp3tSymEg9Zx/download?path=%2Fmocapdata%2Fsigns%2F_facecam&files=faceCam_LAND_trimmed.mp4,LAND
LANGE,Aufgenommen (Sept 2021),272.0,320.0,,,1.0,no,yes,no,<lang>,,,,60.0,https://cloud-affective.dfki.de/index.php/s/gbXtp3tSymEg9Zx/download?path=%2Fmocapdata%2Fsigns&files=LANGE.mp4,https://cloud-affective.dfki.de/index.php/s/gbXtp3tSymEg9Zx/download?path=%2Fmocapdata%2Fsigns%2F_facecam&files=faceCam_LANGE_trimmed.mp4,LANGE
LANGSAM,"Aufgenommen (Sept 2021)
Wiederholen (Feb 2023)!!!",186.0,240.0,,,2.0,no,no,no,<langsam>,,,,60.0,https://cloud-affective.dfki.de/index.php/s/gbXtp3tSymEg9Zx/download?path=%2Fmocapdata%2Fsigns&files=LANGSAM.mp4,https://cloud-affective.dfki.de/index.php/s/gbXtp3tSymEg9Zx/download?path=%2Fmocapdata%2Fsigns%2F_facecam&files=faceCam_LANGSAM_trimmed.mp4,LANGSAM
LAWINE,Aufgenommen (Sept 2021),208.0,255.0,,,2.0,yes,no,no,<lawine>,,,,60.0,https://cloud-affective.dfki.de/index.php/s/gbXtp3tSymEg9Zx/download?path=%2Fmocapdata%2Fsigns&files=LAWINE.mp4,https://cloud-affective.dfki.de/index.php/s/gbXtp3tSymEg9Zx/download?path=%2Fmocapdata%2Fsigns%2F_facecam&files=faceCam_LAWINE_trimmed.mp4,LAWINE
LEIPZIG,Aufgenommen 21.06.22,213.0,246.0,,Ort,1.0,no,yes,no,<leipzig>,,,,60.0,https://cloud-affective.dfki.de/index.php/s/gbXtp3tSymEg9Zx/download?path=%2Fmocapdata%2Fsigns&files=LEIPZIG.mp4,https://cloud-affective.dfki.de/index.php/s/gbXtp3tSymEg9Zx/download?path=%2Fmocapdata%2Fsigns%2F_facecam&files=faceCam_LEIPZIG_trimmed.mp4,LEIPZIG
LEITUNG,Aufgenommen 29.09.22,213.0,244.0,,,2.0,no,no,no,<leitung>,,,,60.0,https://cloud-affective.dfki.de/index.php/s/gbXtp3tSymEg9Zx/download?path=%2Fmocapdata%2Fsigns&files=LEITUNG.mp4,https://cloud-affective.dfki.de/index.php/s/gbXtp3tSymEg9Zx/download?path=%2Fmocapdata%2Fsigns%2F_facecam&files=faceCam_LEITUNG_trimmed.mp4,LEITUNG
LETZTE,Aufgenommen 21.06.22,228.0,242.0,,,2.0,no,no,yes,<letzte>,,,,60.0,https://cloud-affective.dfki.de/index.php/s/gbXtp3tSymEg9Zx/download?path=%2Fmocapdata%2Fsigns&files=LETZTE.mp4,https://cloud-affective.dfki.de/index.php/s/gbXtp3tSymEg9Zx/download?path=%2Fmocapdata%2Fsigns%2F_facecam&files=faceCam_LETZTE_trimmed.mp4,LETZTE
LEVERKUSEN,"Mundbild zu früh und Gebärde nicht gleichzeitig beendet, wiederholen!!!",233.0,281.0,,Ort,1.0,no,no,no,<leverkusen>,,,,60.0,https://cloud-affective.dfki.de/index.php/s/gbXtp3tSymEg9Zx/download?path=%2Fmocapdata%2Fsigns&files=LEVERKUSEN.mp4,https://cloud-affective.dfki.de/index.php/s/gbXtp3tSymEg9Zx/download?path=%2Fmocapdata%2Fsigns%2F_facecam&files=faceCam_LEVERKUSEN_trimmed.mp4,LEVERKUSEN
LOESEN,"Aufgenommen (Sept 2021)
Wiederholen (Feb 2023)!!!",229.0,248.0,,,2.0,yes,no,yes,<loesung>,,,,60.0,https://cloud-affective.dfki.de/index.php/s/gbXtp3tSymEg9Zx/download?path=%2Fmocapdata%2Fsigns&files=LOESEN.mp4,https://cloud-affective.dfki.de/index.php/s/gbXtp3tSymEg9Zx/download?path=%2Fmocapdata%2Fsigns%2F_facecam&files=faceCam_LOESEN_trimmed.mp4,LOESEN
LUTHER,"Aufgenommen 21.06.22 - UNKLAR, es gibt verschiedene Gebärde für Luther --> Umfrage!",202.0,234.0,,Ort,2.0,no,no,no,<luther>,,,,60.0,https://cloud-affective.dfki.de/index.php/s/gbXtp3tSymEg9Zx/download?path=%2Fmocapdata%2Fsigns&files=LUTHER.mp4,https://cloud-affective.dfki.de/index.php/s/gbXtp3tSymEg9Zx/download?path=%2Fmocapdata%2Fsigns%2F_facecam&files=faceCam_LUTHER_trimmed.mp4,LUTHER
MAGDEBURG,Aufgenommen (Feb 2023),169.0,230.0,,Ort,2.0,no,no,yes,<magdeburg>,,,,60.0,https://cloud-affective.dfki.de/index.php/s/gbXtp3tSymEg9Zx/download?path=%2Fmocapdata%2Fsigns&files=MAGDEBURG.mp4,https://cloud-affective.dfki.de/index.php/s/gbXtp3tSymEg9Zx/download?path=%2Fmocapdata%2Fsigns%2F_facecam&files=faceCam_MAGDEBURG_trimmed.mp4,MAGDEBURG
MAINZ,ok,165.0,195.0,,Ort,1.0,no,yes,no,<mainz>,,,,60.0,https://cloud-affective.dfki.de/index.php/s/gbXtp3tSymEg9Zx/download?path=%2Fmocapdata%2Fsigns&files=MAINZ.mp4,https://cloud-affective.dfki.de/index.php/s/gbXtp3tSymEg9Zx/download?path=%2Fmocapdata%2Fsigns%2F_facecam&files=faceCam_MAINZ_trimmed.mp4,MAINZ
MANNHEIM,"Aufgenommen 21.06.22
nochmal aufgenommen (Feb 2023)",174.0,214.0,,Ort,1.0,no,no,no,<mannheim>,,,,60.0,https://cloud-affective.dfki.de/index.php/s/gbXtp3tSymEg9Zx/download?path=%2Fmocapdata%2Fsigns&files=MANNHEIM.mp4,https://cloud-affective.dfki.de/index.php/s/gbXtp3tSymEg9Zx/download?path=%2Fmocapdata%2Fsigns%2F_facecam&files=faceCam_MANNHEIM_trimmed.mp4,MANNHEIM
MASSE,Aufgenommen am 30.03.22,195.0,225.0,,,2.0,yes,no,no,gest,,,,60.0,https://cloud-affective.dfki.de/index.php/s/gbXtp3tSymEg9Zx/download?path=%2Fmocapdata%2Fsigns&files=MASSE.mp4,https://cloud-affective.dfki.de/index.php/s/gbXtp3tSymEg9Zx/download?path=%2Fmocapdata%2Fsigns%2F_facecam&files=faceCam_MASSE_trimmed.mp4,MASSE
MEHR,Aufgenommen am 30.03.22,224.0,236.0,,,2.0,yes,no,no,<mehr>,,,,60.0,https://cloud-affective.dfki.de/index.php/s/gbXtp3tSymEg9Zx/download?path=%2Fmocapdata%2Fsigns&files=MEHR.mp4,https://cloud-affective.dfki.de/index.php/s/gbXtp3tSymEg9Zx/download?path=%2Fmocapdata%2Fsigns%2F_facecam&files=faceCam_MEHR_trimmed.mp4,MEHR
MESSE,Aufgenommen (Feb 2023),199.0,230.0,,Ort,1.0,no,yes,no,<messe>,,,,60.0,https://cloud-affective.dfki.de/index.php/s/gbXtp3tSymEg9Zx/download?path=%2Fmocapdata%2Fsigns&files=MESSE.mp4,https://cloud-affective.dfki.de/index.php/s/gbXtp3tSymEg9Zx/download?path=%2Fmocapdata%2Fsigns%2F_facecam&files=faceCam_MESSE_trimmed.mp4,MESSE
MINUS,Aufgenommen 21.06.22,195.0,222.0,,,1.0,no,no,no,<minus>,,,,60.0,https://cloud-affective.dfki.de/index.php/s/gbXtp3tSymEg9Zx/download?path=%2Fmocapdata%2Fsigns&files=MINUS.mp4,https://cloud-affective.dfki.de/index.php/s/gbXtp3tSymEg9Zx/download?path=%2Fmocapdata%2Fsigns%2F_facecam&files=faceCam_MINUS_trimmed.mp4,MINUS
MINUTE,"Aufgenommen am 01.07.21 (2-silben)
Mundbild viel zu früh vor dem Gebärde, wiederholen!!!",263.0,300.0,,,1.0,no,yes,no,<minute>,"{15259561} S: (n) minute (minute%1:28:00::), min (min%1:28:00::) (a unit of time equal to 60 seconds or 1/60th of an hour) ""he ran a 4 minute mile""",,,60.0,https://cloud-affective.dfki.de/index.php/s/gbXtp3tSymEg9Zx/download?path=%2Fmocapdata%2Fsigns&files=MINUTE.mp4,https://cloud-affective.dfki.de/index.php/s/gbXtp3tSymEg9Zx/download?path=%2Fmocapdata%2Fsigns%2F_facecam&files=faceCam_MINUTE_trimmed.mp4,MINUTE
MIT,Aufgenommen (Sept 2021),231.0,245.0,,,1.0,yes,no,no,<mit>,,,,60.0,https://cloud-affective.dfki.de/index.php/s/gbXtp3tSymEg9Zx/download?path=%2Fmocapdata%2Fsigns&files=MIT.mp4,https://cloud-affective.dfki.de/index.php/s/gbXtp3tSymEg9Zx/download?path=%2Fmocapdata%2Fsigns%2F_facecam&files=faceCam_MIT_trimmed.mp4,MIT
MITTE,Aufgenommen 29.09.22,196.0,213.0,,,2.0,no,no,yes,<mitte>,,,,60.0,https://cloud-affective.dfki.de/index.php/s/gbXtp3tSymEg9Zx/download?path=%2Fmocapdata%2Fsigns&files=MITTE.mp4,https://cloud-affective.dfki.de/index.php/s/gbXtp3tSymEg9Zx/download?path=%2Fmocapdata%2Fsigns%2F_facecam&files=faceCam_MITTE_trimmed.mp4,MITTE
MOEGLICH,Aufgenommen 21.06.22,203.0,234.0,,,2.0,yes,no,no,<möglich>,,,,60.0,https://cloud-affective.dfki.de/index.php/s/gbXtp3tSymEg9Zx/download?path=%2Fmocapdata%2Fsigns&files=MOEGLICH.mp4,https://cloud-affective.dfki.de/index.php/s/gbXtp3tSymEg9Zx/download?path=%2Fmocapdata%2Fsigns%2F_facecam&files=faceCam_MOEGLICH_trimmed.mp4,MOEGLICH
MUENCHEN,Aufgenommen 21.06.22,212.0,246.0,,Ort,1.0,no,yes,no,<münchen>,,,,60.0,https://cloud-affective.dfki.de/index.php/s/gbXtp3tSymEg9Zx/download?path=%2Fmocapdata%2Fsigns&files=MUENCHEN.mp4,https://cloud-affective.dfki.de/index.php/s/gbXtp3tSymEg9Zx/download?path=%2Fmocapdata%2Fsigns%2F_facecam&files=faceCam_MUENCHEN_trimmed.mp4,MUENCHEN
MUENSTER,Aufgenommen (Feb 2023),180.0,209.0,,Ort,1.0,no,yes,no,<münster>,,,,60.0,https://cloud-affective.dfki.de/index.php/s/gbXtp3tSymEg9Zx/download?path=%2Fmocapdata%2Fsigns&files=MUENSTER.mp4,https://cloud-affective.dfki.de/index.php/s/gbXtp3tSymEg9Zx/download?path=%2Fmocapdata%2Fsigns%2F_facecam&files=faceCam_MUENSTER_trimmed.mp4,MUENSTER
MUSS,Aufgenommen (Sept 2021),229.0,248.0,,,1.0,no,no,no,<muss>,,,,60.0,https://cloud-affective.dfki.de/index.php/s/gbXtp3tSymEg9Zx/download?path=%2Fmocapdata%2Fsigns&files=MUSS.mp4,https://cloud-affective.dfki.de/index.php/s/gbXtp3tSymEg9Zx/download?path=%2Fmocapdata%2Fsigns%2F_facecam&files=faceCam_MUSS_trimmed.mp4,MUSS
NAECHSTE,Aufgenommen 29.09.22,196.0,216.0,,,1.0,yes,no,no,<nächste>,,,,60.0,https://cloud-affective.dfki.de/index.php/s/gbXtp3tSymEg9Zx/download?path=%2Fmocapdata%2Fsigns&files=NAECHSTE.mp4,https://cloud-affective.dfki.de/index.php/s/gbXtp3tSymEg9Zx/download?path=%2Fmocapdata%2Fsigns%2F_facecam&files=faceCam_NAECHSTE_trimmed.mp4,NAECHSTE
NAH,Aufgenommen (Dez 2021),209.0,233.0,,,2.0,no,no,yes,<nah>,,,,60.0,https://cloud-affective.dfki.de/index.php/s/gbXtp3tSymEg9Zx/download?path=%2Fmocapdata%2Fsigns&files=NAH.mp4,https://cloud-affective.dfki.de/index.php/s/gbXtp3tSymEg9Zx/download?path=%2Fmocapdata%2Fsigns%2F_facecam&files=faceCam_NAH_trimmed.mp4,NAH
NEBEN,Aufgenommen (Sept 2021),260.0,297.0,,,1.0,yes,no,no,<neben>,,,,60.0,https://cloud-affective.dfki.de/index.php/s/gbXtp3tSymEg9Zx/download?path=%2Fmocapdata%2Fsigns&files=NEBEN.mp4,https://cloud-affective.dfki.de/index.php/s/gbXtp3tSymEg9Zx/download?path=%2Fmocapdata%2Fsigns%2F_facecam&files=faceCam_NEBEN_trimmed.mp4,NEBEN
NEU,"Aufgenommen, aber Berührungspunkt fehlt! 
Judith informieren!!!
Wiederholen (Feb 2023)!!!",244.0,259.0,,,2.0,yes,no,yes,<neu>,,,,60.0,https://cloud-affective.dfki.de/index.php/s/gbXtp3tSymEg9Zx/download?path=%2Fmocapdata%2Fsigns&files=NEU.mp4,https://cloud-affective.dfki.de/index.php/s/gbXtp3tSymEg9Zx/download?path=%2Fmocapdata%2Fsigns%2F_facecam&files=faceCam_NEU_trimmed.mp4,NEU
NICHT,Neu aufgenommen am 22.06.22,210.0,262.0,,,2.0,no,no,yes,gest,"{00024432} S: (adv) not (not%4:02:00::), non (non%4:02:00::) (negation of a word or group of words) ""he does not speak French""; ""she is not going""; ""they are not friends""; ""not many""; ""not much""; ""not at all""",,,60.0,https://cloud-affective.dfki.de/index.php/s/gbXtp3tSymEg9Zx/download?path=%2Fmocapdata%2Fsigns&files=NICHT.mp4,https://cloud-affective.dfki.de/index.php/s/gbXtp3tSymEg9Zx/download?path=%2Fmocapdata%2Fsigns%2F_facecam&files=faceCam_NICHT_trimmed.mp4,NICHT
NICHT-MEHR,Aufgenommen 29.09.22,183.0,233.0,,,2.0,no,no,yes,<nicht mehr>,,,,60.0,https://cloud-affective.dfki.de/index.php/s/gbXtp3tSymEg9Zx/download?path=%2Fmocapdata%2Fsigns&files=NICHT-MEHR.mp4,https://cloud-affective.dfki.de/index.php/s/gbXtp3tSymEg9Zx/download?path=%2Fmocapdata%2Fsigns%2F_facecam&files=faceCam_NICHT-MEHR_trimmed.mp4,NICHT-MEHR
NICHT2,Aufgenommen 29.09.22,187.0,217.0,,,2.0,no,no,no,gest,,,,60.0,https://cloud-affective.dfki.de/index.php/s/gbXtp3tSymEg9Zx/download?path=%2Fmocapdata%2Fsigns&files=NICHT2.mp4,https://cloud-affective.dfki.de/index.php/s/gbXtp3tSymEg9Zx/download?path=%2Fmocapdata%2Fsigns%2F_facecam&files=faceCam_NICHT2_trimmed.mp4,NICHT2
NICHT3,Aufgenommen 29.09.22,200.0,218.0,,,1.0,no,no,no,<nicht>,,,,60.0,https://cloud-affective.dfki.de/index.php/s/gbXtp3tSymEg9Zx/download?path=%2Fmocapdata%2Fsigns&files=NICHT3.mp4,https://cloud-affective.dfki.de/index.php/s/gbXtp3tSymEg9Zx/download?path=%2Fmocapdata%2Fsigns%2F_facecam&files=faceCam_NICHT3_trimmed.mp4,NICHT3
NOCH,Aufgenommen 29.09.22,170.0,194.0,,,1.0,no,no,no,<noch>,,,,60.0,https://cloud-affective.dfki.de/index.php/s/gbXtp3tSymEg9Zx/download?path=%2Fmocapdata%2Fsigns&files=NOCH.mp4,https://cloud-affective.dfki.de/index.php/s/gbXtp3tSymEg9Zx/download?path=%2Fmocapdata%2Fsigns%2F_facecam&files=faceCam_NOCH_trimmed.mp4,NOCH
NOCH-NICHT,"Aufgenommen (Sept 2021)
Wiederholen (Feb 2023)!!!",169.0,218.0,,,1.0,no,no,no,<noch nicht>,,,,60.0,https://cloud-affective.dfki.de/index.php/s/gbXtp3tSymEg9Zx/download?path=%2Fmocapdata%2Fsigns&files=NOCH-NICHT.mp4,https://cloud-affective.dfki.de/index.php/s/gbXtp3tSymEg9Zx/download?path=%2Fmocapdata%2Fsigns%2F_facecam&files=faceCam_NOCH-NICHT_trimmed.mp4,NOCH-NICHT
NOCHMAL,"Aufgenommen (Sept 2021)
Wiederholen (Feb 2023)!!!",224.0,253.0,,,1.0,no,no,no,<nochmal>,,,,60.0,https://cloud-affective.dfki.de/index.php/s/gbXtp3tSymEg9Zx/download?path=%2Fmocapdata%2Fsigns&files=NOCHMAL.mp4,https://cloud-affective.dfki.de/index.php/s/gbXtp3tSymEg9Zx/download?path=%2Fmocapdata%2Fsigns%2F_facecam&files=faceCam_NOCHMAL_trimmed.mp4,NOCHMAL
NORD,Aufgenommen 21.06.22,193.0,217.0,,,1.0,no,no,no,<nord>,,,,60.0,https://cloud-affective.dfki.de/index.php/s/gbXtp3tSymEg9Zx/download?path=%2Fmocapdata%2Fsigns&files=NORD.mp4,https://cloud-affective.dfki.de/index.php/s/gbXtp3tSymEg9Zx/download?path=%2Fmocapdata%2Fsigns%2F_facecam&files=faceCam_NORD_trimmed.mp4,NORD
NORMAL,"Aufgenommen (Sept 2021)
Wiederholen (Feb 2023)!!!",201.0,246.0,,,2.0,no,no,no,<normal>,,,,60.0,https://cloud-affective.dfki.de/index.php/s/gbXtp3tSymEg9Zx/download?path=%2Fmocapdata%2Fsigns&files=NORMAL.mp4,https://cloud-affective.dfki.de/index.php/s/gbXtp3tSymEg9Zx/download?path=%2Fmocapdata%2Fsigns%2F_facecam&files=faceCam_NORMAL_trimmed.mp4,NORMAL
NOT,Aufgenommen (Sept 2021),268.0,296.0,,,1.0,no,no,no,<not>,,,,60.0,https://cloud-affective.dfki.de/index.php/s/gbXtp3tSymEg9Zx/download?path=%2Fmocapdata%2Fsigns&files=NOT.mp4,https://cloud-affective.dfki.de/index.php/s/gbXtp3tSymEg9Zx/download?path=%2Fmocapdata%2Fsigns%2F_facecam&files=faceCam_NOT_trimmed.mp4,NOT
NUERNBERG,"Aufgenommen (Dez 2021)
Wiederholen (Feb 2023)!!!",171.0,206.0,,Ort,2.0,no,no,yes,<nuernberg>,,,,60.0,https://cloud-affective.dfki.de/index.php/s/gbXtp3tSymEg9Zx/download?path=%2Fmocapdata%2Fsigns&files=NUERNBERG.mp4,https://cloud-affective.dfki.de/index.php/s/gbXtp3tSymEg9Zx/download?path=%2Fmocapdata%2Fsigns%2F_facecam&files=faceCam_NUERNBERG_trimmed.mp4,NUERNBERG
NUMMER,Aufgenommen (Dez 2021),221.0,251.0,,,2.0,no,no,yes,<nummer>,,,,60.0,https://cloud-affective.dfki.de/index.php/s/gbXtp3tSymEg9Zx/download?path=%2Fmocapdata%2Fsigns&files=NUMMER.mp4,https://cloud-affective.dfki.de/index.php/s/gbXtp3tSymEg9Zx/download?path=%2Fmocapdata%2Fsigns%2F_facecam&files=faceCam_NUMMER_trimmed.mp4,NUMMER
NUR,Aufgenommen (Dez 2021),215.0,235.0,,,1.0,no,yes,no,<nur>,,,,60.0,https://cloud-affective.dfki.de/index.php/s/gbXtp3tSymEg9Zx/download?path=%2Fmocapdata%2Fsigns&files=NUR.mp4,https://cloud-affective.dfki.de/index.php/s/gbXtp3tSymEg9Zx/download?path=%2Fmocapdata%2Fsigns%2F_facecam&files=faceCam_NUR_trimmed.mp4,NUR
OBERLEITUNG,"Aufgenommen (Sept 2021)
Mundbild viel zu früh vor dem Gebärde, wiederholen!!!",251.0,312.0,,,2.0,yes,no,yes,<oberleitung>,,,,60.0,https://cloud-affective.dfki.de/index.php/s/gbXtp3tSymEg9Zx/download?path=%2Fmocapdata%2Fsigns&files=OBERLEITUNG.mp4,https://cloud-affective.dfki.de/index.php/s/gbXtp3tSymEg9Zx/download?path=%2Fmocapdata%2Fsigns%2F_facecam&files=faceCam_OBERLEITUNG_trimmed.mp4,OBERLEITUNG
ODER,Aufgenommen 29.09.22,174.0,200.0,,,2.0,no,no,no,<oder>,,,,60.0,https://cloud-affective.dfki.de/index.php/s/gbXtp3tSymEg9Zx/download?path=%2Fmocapdata%2Fsigns&files=ODER.mp4,https://cloud-affective.dfki.de/index.php/s/gbXtp3tSymEg9Zx/download?path=%2Fmocapdata%2Fsigns%2F_facecam&files=faceCam_ODER_trimmed.mp4,ODER
OEFFENTLICH,Aufgenommen 29.09.22,185.0,222.0,,,2.0,no,no,yes,<öffentlich>,,,,60.0,https://cloud-affective.dfki.de/index.php/s/gbXtp3tSymEg9Zx/download?path=%2Fmocapdata%2Fsigns&files=OEFFENTLICH.mp4,https://cloud-affective.dfki.de/index.php/s/gbXtp3tSymEg9Zx/download?path=%2Fmocapdata%2Fsigns%2F_facecam&files=faceCam_OEFFENTLICH_trimmed.mp4,OEFFENTLICH
OHNE,Aufgenommen 29.09.22,207.0,223.0,,,2.0,no,no,yes,<ohne>,,,,60.0,https://cloud-affective.dfki.de/index.php/s/gbXtp3tSymEg9Zx/download?path=%2Fmocapdata%2Fsigns&files=OHNE.mp4,https://cloud-affective.dfki.de/index.php/s/gbXtp3tSymEg9Zx/download?path=%2Fmocapdata%2Fsigns%2F_facecam&files=faceCam_OHNE_trimmed.mp4,OHNE
OK,Aufgenommen 29.09.22,200.0,231.0,,,1.0,no,no,no,<ok>,,,,60.0,https://cloud-affective.dfki.de/index.php/s/gbXtp3tSymEg9Zx/download?path=%2Fmocapdata%2Fsigns&files=OK.mp4,https://cloud-affective.dfki.de/index.php/s/gbXtp3tSymEg9Zx/download?path=%2Fmocapdata%2Fsigns%2F_facecam&files=faceCam_OK_trimmed.mp4,OK
ORGANISIEREN,Aufgenommen 29.09.22,203.0,255.0,,,2.0,yes,no,no,<organisieren>,,,,60.0,https://cloud-affective.dfki.de/index.php/s/gbXtp3tSymEg9Zx/download?path=%2Fmocapdata%2Fsigns&files=ORGANISIEREN.mp4,https://cloud-affective.dfki.de/index.php/s/gbXtp3tSymEg9Zx/download?path=%2Fmocapdata%2Fsigns%2F_facecam&files=faceCam_ORGANISIEREN_trimmed.mp4,ORGANISIEREN
ORT,Aufgenommen 29.09.22,193.0,218.0,,,2.0,yes,no,yes,<ort>,,,,60.0,https://cloud-affective.dfki.de/index.php/s/gbXtp3tSymEg9Zx/download?path=%2Fmocapdata%2Fsigns&files=ORT.mp4,https://cloud-affective.dfki.de/index.php/s/gbXtp3tSymEg9Zx/download?path=%2Fmocapdata%2Fsigns%2F_facecam&files=faceCam_ORT_trimmed.mp4,ORT
OST,Aufgenommen 21.06.22,189.0,200.0,,,1.0,no,no,no,<ost>,,,,60.0,https://cloud-affective.dfki.de/index.php/s/gbXtp3tSymEg9Zx/download?path=%2Fmocapdata%2Fsigns&files=OST.mp4,https://cloud-affective.dfki.de/index.php/s/gbXtp3tSymEg9Zx/download?path=%2Fmocapdata%2Fsigns%2F_facecam&files=faceCam_OST_trimmed.mp4,OST
PARKEN,ok,179.0,199.0,,,1.0,yes,no,no,gest,,,,60.0,https://cloud-affective.dfki.de/index.php/s/gbXtp3tSymEg9Zx/download?path=%2Fmocapdata%2Fsigns&files=PARKEN.mp4,https://cloud-affective.dfki.de/index.php/s/gbXtp3tSymEg9Zx/download?path=%2Fmocapdata%2Fsigns%2F_facecam&files=faceCam_PARKEN_trimmed.mp4,PARKEN
PASING,"München-Pasing (Bahnhof)
Aufgenommen (Feb 2023)",195.0,215.0,,Ort,1.0,no,yes,no,<pasing>,,,,60.0,https://cloud-affective.dfki.de/index.php/s/gbXtp3tSymEg9Zx/download?path=%2Fmocapdata%2Fsigns&files=PASING.mp4,https://cloud-affective.dfki.de/index.php/s/gbXtp3tSymEg9Zx/download?path=%2Fmocapdata%2Fsigns%2F_facecam&files=faceCam_PASING_trimmed.mp4,PASING
PASS,Aufgenommen (Sept 2021),222.0,235.0,,,2.0,no,no,no,<pass>,,,,60.0,https://cloud-affective.dfki.de/index.php/s/gbXtp3tSymEg9Zx/download?path=%2Fmocapdata%2Fsigns&files=PASS.mp4,https://cloud-affective.dfki.de/index.php/s/gbXtp3tSymEg9Zx/download?path=%2Fmocapdata%2Fsigns%2F_facecam&files=faceCam_PASS_trimmed.mp4,PASS
PASSAU,Aufgenommen (Dez 2021),221.0,260.0,,Ort,2.0,no,no,yes,<passau>,,,,60.0,https://cloud-affective.dfki.de/index.php/s/gbXtp3tSymEg9Zx/download?path=%2Fmocapdata%2Fsigns&files=PASSAU.mp4,https://cloud-affective.dfki.de/index.php/s/gbXtp3tSymEg9Zx/download?path=%2Fmocapdata%2Fsigns%2F_facecam&files=faceCam_PASSAU_trimmed.mp4,PASSAU
PASSEN,Aufgenommen 29.09.22,212.0,232.0,,,2.0,no,no,yes,<passt>,,,,60.0,https://cloud-affective.dfki.de/index.php/s/gbXtp3tSymEg9Zx/download?path=%2Fmocapdata%2Fsigns&files=PASSEN.mp4,https://cloud-affective.dfki.de/index.php/s/gbXtp3tSymEg9Zx/download?path=%2Fmocapdata%2Fsigns%2F_facecam&files=faceCam_PASSEN_trimmed.mp4,PASSEN
PERSON,"Aufgenommen (Sept 2021)
Wiederholen (Feb 2023)!!!",145.0,177.0,,,1.0,yes,no,no,<person>,,,,60.0,https://cloud-affective.dfki.de/index.php/s/gbXtp3tSymEg9Zx/download?path=%2Fmocapdata%2Fsigns&files=PERSON.mp4,https://cloud-affective.dfki.de/index.php/s/gbXtp3tSymEg9Zx/download?path=%2Fmocapdata%2Fsigns%2F_facecam&files=faceCam_PERSON_trimmed.mp4,PERSON
PERSON(-plural),"Neu aufgenommen am 30.03.22, Video da
---
Wenn, neue Referenzvideo da ist, dann alle Annotationsdaten überprüfen!!! 
Alte Gebärde vom September 2021 aufgenommen.
---
Glosse umbenant von PERSONEN zu PERSON(-plural) Bitte nochmal prüfen!",193.0,222.0,,,1.0,yes,no,no,gest,,,,60.0,https://cloud-affective.dfki.de/index.php/s/gbXtp3tSymEg9Zx/download?path=%2Fmocapdata%2Fsigns&files=PERSON(-plural).mp4,https://cloud-affective.dfki.de/index.php/s/gbXtp3tSymEg9Zx/download?path=%2Fmocapdata%2Fsigns%2F_facecam&files=faceCam_PERSON(-plural)_trimmed.mp4,PERSON(-plural)
PLAKAT,Aufgenommen 29.09.22,190.0,235.0,,,2.0,yes,no,no,<plakat>,,,,60.0,https://cloud-affective.dfki.de/index.php/s/gbXtp3tSymEg9Zx/download?path=%2Fmocapdata%2Fsigns&files=PLAKAT.mp4,https://cloud-affective.dfki.de/index.php/s/gbXtp3tSymEg9Zx/download?path=%2Fmocapdata%2Fsigns%2F_facecam&files=faceCam_PLAKAT_trimmed.mp4,PLAKAT
PLAN,"Aufgenommen (Dez 2021)
Wiederholen (Feb 2023)!!!",199.0,239.0,,,2.0,no,no,no,<plan>,,,,60.0,https://cloud-affective.dfki.de/index.php/s/gbXtp3tSymEg9Zx/download?path=%2Fmocapdata%2Fsigns&files=PLAN.mp4,https://cloud-affective.dfki.de/index.php/s/gbXtp3tSymEg9Zx/download?path=%2Fmocapdata%2Fsigns%2F_facecam&files=faceCam_PLAN_trimmed.mp4,PLAN
PLANEN,Neu aufgenommen am 22.06.22,210.0,238.0,,,2.0,no,no,yes,<plan>,"{05907175} S: (n) plan (plan%1:09:00::), program (program%1:09:00::), programme (programme%1:09:00::) (a series of steps to be carried out or goals to be accomplished) ""they drew up a six-step plan""; ""they discussed plans for a new bond issue""",,,60.0,https://cloud-affective.dfki.de/index.php/s/gbXtp3tSymEg9Zx/download?path=%2Fmocapdata%2Fsigns&files=PLANEN.mp4,https://cloud-affective.dfki.de/index.php/s/gbXtp3tSymEg9Zx/download?path=%2Fmocapdata%2Fsigns%2F_facecam&files=faceCam_PLANEN_trimmed.mp4,PLANEN
PLUS,Aufgenommen 21.06.22,197.0,217.0,,,2.0,no,no,yes,<plus>,,,,60.0,https://cloud-affective.dfki.de/index.php/s/gbXtp3tSymEg9Zx/download?path=%2Fmocapdata%2Fsigns&files=PLUS.mp4,https://cloud-affective.dfki.de/index.php/s/gbXtp3tSymEg9Zx/download?path=%2Fmocapdata%2Fsigns%2F_facecam&files=faceCam_PLUS_trimmed.mp4,PLUS
POLIZEI,"Aufgenommen (Sept 2021)
Wiederholen (Feb 2023)!!!",199.0,239.0,,,1.0,no,yes,no,<polizei>,,,,60.0,https://cloud-affective.dfki.de/index.php/s/gbXtp3tSymEg9Zx/download?path=%2Fmocapdata%2Fsigns&files=POLIZEI.mp4,https://cloud-affective.dfki.de/index.php/s/gbXtp3tSymEg9Zx/download?path=%2Fmocapdata%2Fsigns%2F_facecam&files=faceCam_POLIZEI_trimmed.mp4,POLIZEI
POTSDAM,Aufgenommen (Feb 2023),178.0,209.0,,Ort,1.0,no,yes,no,<postdam>,,,,60.0,https://cloud-affective.dfki.de/index.php/s/gbXtp3tSymEg9Zx/download?path=%2Fmocapdata%2Fsigns&files=POTSDAM.mp4,https://cloud-affective.dfki.de/index.php/s/gbXtp3tSymEg9Zx/download?path=%2Fmocapdata%2Fsigns%2F_facecam&files=faceCam_POTSDAM_trimmed.mp4,POTSDAM
PRIMA,Aufgenommen 29.09.22,214.0,243.0,,,1.0,no,no,no,<prima>,,,,60.0,https://cloud-affective.dfki.de/index.php/s/gbXtp3tSymEg9Zx/download?path=%2Fmocapdata%2Fsigns&files=PRIMA.mp4,https://cloud-affective.dfki.de/index.php/s/gbXtp3tSymEg9Zx/download?path=%2Fmocapdata%2Fsigns%2F_facecam&files=faceCam_PRIMA_trimmed.mp4,PRIMA
PROBLEM,Neu aufgenommen am 22.06.22,305.0,336.0,,,1.0,no,yes,no,<problem>,,,,60.0,https://cloud-affective.dfki.de/index.php/s/gbXtp3tSymEg9Zx/download?path=%2Fmocapdata%2Fsigns&files=PROBLEM.mp4,https://cloud-affective.dfki.de/index.php/s/gbXtp3tSymEg9Zx/download?path=%2Fmocapdata%2Fsigns%2F_facecam&files=faceCam_PROBLEM_trimmed.mp4,PROBLEM
PRUEFEN,Aufgenommen (Sept 2021),215.0,257.0,,,2.0,yes,no,yes,<pruefen>,,,,60.0,https://cloud-affective.dfki.de/index.php/s/gbXtp3tSymEg9Zx/download?path=%2Fmocapdata%2Fsigns&files=PRUEFEN.mp4,https://cloud-affective.dfki.de/index.php/s/gbXtp3tSymEg9Zx/download?path=%2Fmocapdata%2Fsigns%2F_facecam&files=faceCam_PRUEFEN_trimmed.mp4,PRUEFEN
PUNKT,"Aufgenommen 21.06.22
Wiederholen (Feb 2023)!!!",189.0,203.0,,,1.0,no,no,no,<punkt>,,,,60.0,https://cloud-affective.dfki.de/index.php/s/gbXtp3tSymEg9Zx/download?path=%2Fmocapdata%2Fsigns&files=PUNKT.mp4,https://cloud-affective.dfki.de/index.php/s/gbXtp3tSymEg9Zx/download?path=%2Fmocapdata%2Fsigns%2F_facecam&files=faceCam_PUNKT_trimmed.mp4,PUNKT
QUALITAET,Aufgenommen 21.06.22,203.0,246.0,,,2.0,no,no,no,<qualität>,,,,60.0,https://cloud-affective.dfki.de/index.php/s/gbXtp3tSymEg9Zx/download?path=%2Fmocapdata%2Fsigns&files=QUALITAET.mp4,https://cloud-affective.dfki.de/index.php/s/gbXtp3tSymEg9Zx/download?path=%2Fmocapdata%2Fsigns%2F_facecam&files=faceCam_QUALITAET_trimmed.mp4,QUALITAET
RAUCHEN,"Aufgenommen 29.09.22
Bitte sauber gebärden, wie üblich RAUCHEN.
Wiederholen (Feb 2023)!!!
Mit Mundbild ""rauchen"", Annotation prüfen ggf. korrigieren!",178.0,221.0,,,1.0,no,yes,no,<rauchen>,,,,60.0,https://cloud-affective.dfki.de/index.php/s/gbXtp3tSymEg9Zx/download?path=%2Fmocapdata%2Fsigns&files=RAUCHEN.mp4,https://cloud-affective.dfki.de/index.php/s/gbXtp3tSymEg9Zx/download?path=%2Fmocapdata%2Fsigns%2F_facecam&files=faceCam_RAUCHEN_trimmed.mp4,RAUCHEN
RAUM,"Aufgenommen (Sept 2021)
Wiederholen (Feb 2023)!!!",213.0,275.0,,,2.0,yes,no,no,<raum>,,,,60.0,https://cloud-affective.dfki.de/index.php/s/gbXtp3tSymEg9Zx/download?path=%2Fmocapdata%2Fsigns&files=RAUM.mp4,https://cloud-affective.dfki.de/index.php/s/gbXtp3tSymEg9Zx/download?path=%2Fmocapdata%2Fsigns%2F_facecam&files=faceCam_RAUM_trimmed.mp4,RAUM
RAUM(-eckig),Aufgenommen am 30.03.22,232.0,288.0,,,2.0,yes,no,yes,<raum>,,,,60.0,https://cloud-affective.dfki.de/index.php/s/gbXtp3tSymEg9Zx/download?path=%2Fmocapdata%2Fsigns&files=RAUM(-eckig).mp4,https://cloud-affective.dfki.de/index.php/s/gbXtp3tSymEg9Zx/download?path=%2Fmocapdata%2Fsigns%2F_facecam&files=faceCam_RAUM(-eckig)_trimmed.mp4,RAUM(-eckig)
REPARIEREN,"Aufgenommen am 30.03.22
Wiederholen (Feb 2023)!!!",175.0,221.0,,,2.0,yes,no,yes,<reparieren>,,,,60.0,https://cloud-affective.dfki.de/index.php/s/gbXtp3tSymEg9Zx/download?path=%2Fmocapdata%2Fsigns&files=REPARIEREN.mp4,https://cloud-affective.dfki.de/index.php/s/gbXtp3tSymEg9Zx/download?path=%2Fmocapdata%2Fsigns%2F_facecam&files=faceCam_REPARIEREN_trimmed.mp4,REPARIEREN
RESERVIEREN,Aufgenommen (Dez 2021),240.0,275.0,,,2.0,yes,no,no,<reservieren>,,,,60.0,https://cloud-affective.dfki.de/index.php/s/gbXtp3tSymEg9Zx/download?path=%2Fmocapdata%2Fsigns&files=RESERVIEREN.mp4,https://cloud-affective.dfki.de/index.php/s/gbXtp3tSymEg9Zx/download?path=%2Fmocapdata%2Fsigns%2F_facecam&files=faceCam_RESERVIEREN_trimmed.mp4,RESERVIEREN
RESPEKT,"Aufgenommen 29.09.22, wie Hände hoch",194.0,224.0,,,2.0,no,no,no,<respekt>,,,,60.0,https://cloud-affective.dfki.de/index.php/s/gbXtp3tSymEg9Zx/download?path=%2Fmocapdata%2Fsigns&files=RESPEKT.mp4,https://cloud-affective.dfki.de/index.php/s/gbXtp3tSymEg9Zx/download?path=%2Fmocapdata%2Fsigns%2F_facecam&files=faceCam_RESPEKT_trimmed.mp4,RESPEKT
RESTAURANT,Aufgenommen (Dez 2021),228.0,262.0,,,2.0,no,yes,no,<restaurant>,,,,60.0,https://cloud-affective.dfki.de/index.php/s/gbXtp3tSymEg9Zx/download?path=%2Fmocapdata%2Fsigns&files=RESTAURANT.mp4,https://cloud-affective.dfki.de/index.php/s/gbXtp3tSymEg9Zx/download?path=%2Fmocapdata%2Fsigns%2F_facecam&files=faceCam_RESTAURANT_trimmed.mp4,RESTAURANT
RICHTUNG,ok,143.0,163.0,,,1.0,yes,no,no,gest,"{13849639} S: (n) direction (direction%1:24:00::) (the spatial relation between something and the course along which it points or moves) ""he checked the direction and velocity of the wind""",,,60.0,https://cloud-affective.dfki.de/index.php/s/gbXtp3tSymEg9Zx/download?path=%2Fmocapdata%2Fsigns&files=RICHTUNG.mp4,https://cloud-affective.dfki.de/index.php/s/gbXtp3tSymEg9Zx/download?path=%2Fmocapdata%2Fsigns%2F_facecam&files=faceCam_RICHTUNG_trimmed.mp4,RICHTUNG
RIESA,"Aufgenommen 21.06.22, es gibt zwei Gebärde, Umfrage!",212.0,235.0,,Ort,2.0,no,no,yes,<riesa>,,,,60.0,https://cloud-affective.dfki.de/index.php/s/gbXtp3tSymEg9Zx/download?path=%2Fmocapdata%2Fsigns&files=RIESA.mp4,https://cloud-affective.dfki.de/index.php/s/gbXtp3tSymEg9Zx/download?path=%2Fmocapdata%2Fsigns%2F_facecam&files=faceCam_RIESA_trimmed.mp4,RIESA
ROSTOCK,Aufgenommen (Feb 2023),164.0,206.0,,Ort,2.0,no,no,yes,<rostock>,,,,60.0,https://cloud-affective.dfki.de/index.php/s/gbXtp3tSymEg9Zx/download?path=%2Fmocapdata%2Fsigns&files=ROSTOCK.mp4,https://cloud-affective.dfki.de/index.php/s/gbXtp3tSymEg9Zx/download?path=%2Fmocapdata%2Fsigns%2F_facecam&files=faceCam_ROSTOCK_trimmed.mp4,ROSTOCK
RUCKSACK,Aufgenommen 29.09.22,193.0,233.0,,,2.0,no,yes,no,<rucksack>,,,,60.0,https://cloud-affective.dfki.de/index.php/s/gbXtp3tSymEg9Zx/download?path=%2Fmocapdata%2Fsigns&files=RUCKSACK.mp4,https://cloud-affective.dfki.de/index.php/s/gbXtp3tSymEg9Zx/download?path=%2Fmocapdata%2Fsigns%2F_facecam&files=faceCam_RUCKSACK_trimmed.mp4,RUCKSACK
RUEBERGEHEN,Aufgenommen (Dez 2021),247.0,260.0,,,1.0,yes,no,no,gest,,,,60.0,https://cloud-affective.dfki.de/index.php/s/gbXtp3tSymEg9Zx/download?path=%2Fmocapdata%2Fsigns&files=RUEBERGEHEN.mp4,https://cloud-affective.dfki.de/index.php/s/gbXtp3tSymEg9Zx/download?path=%2Fmocapdata%2Fsigns%2F_facecam&files=faceCam_RUEBERGEHEN_trimmed.mp4,RUEBERGEHEN
S-BAHN,"Aufgenommen 21.06.22
Wiederholen (Feb 2023)!!!",203.0,237.0,,,1.0,no,no,no,<s-bahn>,,,,60.0,https://cloud-affective.dfki.de/index.php/s/gbXtp3tSymEg9Zx/download?path=%2Fmocapdata%2Fsigns&files=S-BAHN.mp4,https://cloud-affective.dfki.de/index.php/s/gbXtp3tSymEg9Zx/download?path=%2Fmocapdata%2Fsigns%2F_facecam&files=faceCam_S-BAHN_trimmed.mp4,S-BAHN
SAALE,"Wie FLUSS (Elbe), ist bei Stadt Halle.
Aufgenommen (Feb 2023)",158.0,197.0,,,1.0,no,no,no,<saale>,,,,60.0,https://cloud-affective.dfki.de/index.php/s/gbXtp3tSymEg9Zx/download?path=%2Fmocapdata%2Fsigns&files=SAALE.mp4,https://cloud-affective.dfki.de/index.php/s/gbXtp3tSymEg9Zx/download?path=%2Fmocapdata%2Fsigns%2F_facecam&files=faceCam_SAALE_trimmed.mp4,SAALE
SAARBRUECKEN,Aufgenommen (Dez 2021),224.0,274.0,,Ort,1.0,no,no,no,<saarbruecken>,,,,60.0,https://cloud-affective.dfki.de/index.php/s/gbXtp3tSymEg9Zx/download?path=%2Fmocapdata%2Fsigns&files=SAARBRUECKEN.mp4,https://cloud-affective.dfki.de/index.php/s/gbXtp3tSymEg9Zx/download?path=%2Fmocapdata%2Fsigns%2F_facecam&files=faceCam_SAARBRUECKEN_trimmed.mp4,SAARBRUECKEN
SACHE,Aufgenommen (Sept 2021),230.0,261.0,,,2.0,no,no,no,<sache>,,,,60.0,https://cloud-affective.dfki.de/index.php/s/gbXtp3tSymEg9Zx/download?path=%2Fmocapdata%2Fsigns&files=SACHE.mp4,https://cloud-affective.dfki.de/index.php/s/gbXtp3tSymEg9Zx/download?path=%2Fmocapdata%2Fsigns%2F_facecam&files=faceCam_SACHE_trimmed.mp4,SACHE
SALZBURG,Aufgenommen 21.06.22,191.0,251.0,,Ort,1.0,no,yes,no,<salzburg>,,,,60.0,https://cloud-affective.dfki.de/index.php/s/gbXtp3tSymEg9Zx/download?path=%2Fmocapdata%2Fsigns&files=SALZBURG.mp4,https://cloud-affective.dfki.de/index.php/s/gbXtp3tSymEg9Zx/download?path=%2Fmocapdata%2Fsigns%2F_facecam&files=faceCam_SALZBURG_trimmed.mp4,SALZBURG
SAUBER,Aufgenommen 29.09.22,189.0,231.0,,,2.0,no,no,yes,<sauber>,,,,60.0,https://cloud-affective.dfki.de/index.php/s/gbXtp3tSymEg9Zx/download?path=%2Fmocapdata%2Fsigns&files=SAUBER.mp4,https://cloud-affective.dfki.de/index.php/s/gbXtp3tSymEg9Zx/download?path=%2Fmocapdata%2Fsigns%2F_facecam&files=faceCam_SAUBER_trimmed.mp4,SAUBER
SCHADEN,"Aufgenommen (Sept 2021)
Wiederholen (Feb 2023)!!!",159.0,210.0,,,2.0,yes,no,no,<schaden>,,,,60.0,https://cloud-affective.dfki.de/index.php/s/gbXtp3tSymEg9Zx/download?path=%2Fmocapdata%2Fsigns&files=SCHADEN.mp4,https://cloud-affective.dfki.de/index.php/s/gbXtp3tSymEg9Zx/download?path=%2Fmocapdata%2Fsigns%2F_facecam&files=faceCam_SCHADEN_trimmed.mp4,SCHADEN
SCHAETZEN,Aufgenommen (Sept 2021),200.0,224.0,,,1.0,yes,no,no,gest,,,,60.0,https://cloud-affective.dfki.de/index.php/s/gbXtp3tSymEg9Zx/download?path=%2Fmocapdata%2Fsigns&files=SCHAETZEN.mp4,https://cloud-affective.dfki.de/index.php/s/gbXtp3tSymEg9Zx/download?path=%2Fmocapdata%2Fsigns%2F_facecam&files=faceCam_SCHAETZEN_trimmed.mp4,SCHAETZEN
SCHAUEN,Aufgenommen 29.09.22,174.0,188.0,,,1.0,yes,yes,no,<schau>,,,,60.0,https://cloud-affective.dfki.de/index.php/s/gbXtp3tSymEg9Zx/download?path=%2Fmocapdata%2Fsigns&files=SCHAUEN.mp4,https://cloud-affective.dfki.de/index.php/s/gbXtp3tSymEg9Zx/download?path=%2Fmocapdata%2Fsigns%2F_facecam&files=faceCam_SCHAUEN_trimmed.mp4,SCHAUEN
SCHIENEN,"Aufgenommen (Sept 2021)
Wiederholen (Feb 2023)!!!",171.0,206.0,,,2.0,yes,no,no,<schiene>,,,,60.0,https://cloud-affective.dfki.de/index.php/s/gbXtp3tSymEg9Zx/download?path=%2Fmocapdata%2Fsigns&files=SCHIENEN.mp4,https://cloud-affective.dfki.de/index.php/s/gbXtp3tSymEg9Zx/download?path=%2Fmocapdata%2Fsigns%2F_facecam&files=faceCam_SCHIENEN_trimmed.mp4,SCHIENEN
SCHIFF,Aufgenommen 29.09.22,188.0,207.0,,,2.0,yes,no,yes,<schiff>,,,,60.0,https://cloud-affective.dfki.de/index.php/s/gbXtp3tSymEg9Zx/download?path=%2Fmocapdata%2Fsigns&files=SCHIFF.mp4,https://cloud-affective.dfki.de/index.php/s/gbXtp3tSymEg9Zx/download?path=%2Fmocapdata%2Fsigns%2F_facecam&files=faceCam_SCHIFF_trimmed.mp4,SCHIFF
SCHILD,"Fehlt, bitte wie Satz 240
Aufgenommen (Feb 2023)",191.0,213.0,,,2.0,yes,no,yes,<schild>,,,,60.0,https://cloud-affective.dfki.de/index.php/s/gbXtp3tSymEg9Zx/download?path=%2Fmocapdata%2Fsigns&files=SCHILD.mp4,https://cloud-affective.dfki.de/index.php/s/gbXtp3tSymEg9Zx/download?path=%2Fmocapdata%2Fsigns%2F_facecam&files=faceCam_SCHILD_trimmed.mp4,SCHILD
SCHLESWIG,"Gegen Uhrzeigersinn!!! Nach links.
Aufgenommen (Feb 2023)",224.0,275.0,,Ort,1.0,no,no,no,<schleswig>,,,,60.0,https://cloud-affective.dfki.de/index.php/s/gbXtp3tSymEg9Zx/download?path=%2Fmocapdata%2Fsigns&files=SCHLESWIG.mp4,https://cloud-affective.dfki.de/index.php/s/gbXtp3tSymEg9Zx/download?path=%2Fmocapdata%2Fsigns%2F_facecam&files=faceCam_SCHLESWIG_trimmed.mp4,SCHLESWIG
SCHLUSS,Aufgenommen (Dez 2021),230.0,250.0,,,2.0,no,no,yes,<schluss>,,,,60.0,https://cloud-affective.dfki.de/index.php/s/gbXtp3tSymEg9Zx/download?path=%2Fmocapdata%2Fsigns&files=SCHLUSS.mp4,https://cloud-affective.dfki.de/index.php/s/gbXtp3tSymEg9Zx/download?path=%2Fmocapdata%2Fsigns%2F_facecam&files=faceCam_SCHLUSS_trimmed.mp4,SCHLUSS
SCHNEE,"Aufgenommen (Sept 2021)
Wiederholen (Feb 2023)!!!",157.0,236.0,,,2.0,no,no,no,<schnee>,,,,60.0,https://cloud-affective.dfki.de/index.php/s/gbXtp3tSymEg9Zx/download?path=%2Fmocapdata%2Fsigns&files=SCHNEE.mp4,https://cloud-affective.dfki.de/index.php/s/gbXtp3tSymEg9Zx/download?path=%2Fmocapdata%2Fsigns%2F_facecam&files=faceCam_SCHNEE_trimmed.mp4,SCHNEE
SCHON,Neu aufgenommen am 30.03.22,193.0,224.0,,,2.0,no,no,yes,<schon>,,,,60.0,https://cloud-affective.dfki.de/index.php/s/gbXtp3tSymEg9Zx/download?path=%2Fmocapdata%2Fsigns&files=SCHON.mp4,https://cloud-affective.dfki.de/index.php/s/gbXtp3tSymEg9Zx/download?path=%2Fmocapdata%2Fsigns%2F_facecam&files=faceCam_SCHON_trimmed.mp4,SCHON
SCHWERIN,Aufgenommen (Feb 2023),290.0,325.0,,Ort,2.0,no,no,yes,<schwerin>,,,,60.0,https://cloud-affective.dfki.de/index.php/s/gbXtp3tSymEg9Zx/download?path=%2Fmocapdata%2Fsigns&files=SCHWERIN.mp4,https://cloud-affective.dfki.de/index.php/s/gbXtp3tSymEg9Zx/download?path=%2Fmocapdata%2Fsigns%2F_facecam&files=faceCam_SCHWERIN_trimmed.mp4,SCHWERIN
SELBE,"Aufgenommen, aber Berührungspunkt fehlt! 
Judith informieren!!!",235.0,255.0,,,2.0,yes,no,yes,<selbe>,,,,60.0,https://cloud-affective.dfki.de/index.php/s/gbXtp3tSymEg9Zx/download?path=%2Fmocapdata%2Fsigns&files=SELBE.mp4,https://cloud-affective.dfki.de/index.php/s/gbXtp3tSymEg9Zx/download?path=%2Fmocapdata%2Fsigns%2F_facecam&files=faceCam_SELBE_trimmed.mp4,SELBE
SERVICE,Aufgenommen 29.09.22,209.0,238.0,,,1.0,no,no,no,<sörvis> ??,,,,60.0,https://cloud-affective.dfki.de/index.php/s/gbXtp3tSymEg9Zx/download?path=%2Fmocapdata%2Fsigns&files=SERVICE.mp4,https://cloud-affective.dfki.de/index.php/s/gbXtp3tSymEg9Zx/download?path=%2Fmocapdata%2Fsigns%2F_facecam&files=faceCam_SERVICE_trimmed.mp4,SERVICE
SICH-HINZIEHEN,Aufgenommen (Sept 2021),208.0,268.0,,,2.0,yes,no,yes,gest,,,,60.0,https://cloud-affective.dfki.de/index.php/s/gbXtp3tSymEg9Zx/download?path=%2Fmocapdata%2Fsigns&files=SICH-HINZIEHEN.mp4,https://cloud-affective.dfki.de/index.php/s/gbXtp3tSymEg9Zx/download?path=%2Fmocapdata%2Fsigns%2F_facecam&files=faceCam_SICH-HINZIEHEN_trimmed.mp4,SICH-HINZIEHEN
SICHER,Aufgenommen 29.09.22,210.0,232.0,,,2.0,no,no,no,<sicher>,,,,60.0,https://cloud-affective.dfki.de/index.php/s/gbXtp3tSymEg9Zx/download?path=%2Fmocapdata%2Fsigns&files=SICHER.mp4,https://cloud-affective.dfki.de/index.php/s/gbXtp3tSymEg9Zx/download?path=%2Fmocapdata%2Fsigns%2F_facecam&files=faceCam_SICHER_trimmed.mp4,SICHER
SIGNAL,"Aufgenommen (Sept 2021)
Wiederholen (Feb 2023)!!!",170.0,211.0,,,1.0,yes,no,no,<signal>,,,,60.0,https://cloud-affective.dfki.de/index.php/s/gbXtp3tSymEg9Zx/download?path=%2Fmocapdata%2Fsigns&files=SIGNAL.mp4,https://cloud-affective.dfki.de/index.php/s/gbXtp3tSymEg9Zx/download?path=%2Fmocapdata%2Fsigns%2F_facecam&files=faceCam_SIGNAL_trimmed.mp4,SIGNAL
SITZ,Aufgenommen 29.09.22,192.0,216.0,,,2.0,yes,no,no,<sitz>,,,,60.0,https://cloud-affective.dfki.de/index.php/s/gbXtp3tSymEg9Zx/download?path=%2Fmocapdata%2Fsigns&files=SITZ.mp4,https://cloud-affective.dfki.de/index.php/s/gbXtp3tSymEg9Zx/download?path=%2Fmocapdata%2Fsigns%2F_facecam&files=faceCam_SITZ_trimmed.mp4,SITZ
SOLL,ok,126.0,137.0,,,1.0,no,no,no,<soll>,,,,60.0,https://cloud-affective.dfki.de/index.php/s/gbXtp3tSymEg9Zx/download?path=%2Fmocapdata%2Fsigns&files=SOLL.mp4,https://cloud-affective.dfki.de/index.php/s/gbXtp3tSymEg9Zx/download?path=%2Fmocapdata%2Fsigns%2F_facecam&files=faceCam_SOLL_trimmed.mp4,SOLL
SONDER,Aufgenommen (Dez 2021),224.0,255.0,,,2.0,no,no,yes,<sonder>,,,,60.0,https://cloud-affective.dfki.de/index.php/s/gbXtp3tSymEg9Zx/download?path=%2Fmocapdata%2Fsigns&files=SONDER.mp4,https://cloud-affective.dfki.de/index.php/s/gbXtp3tSymEg9Zx/download?path=%2Fmocapdata%2Fsigns%2F_facecam&files=faceCam_SONDER_trimmed.mp4,SONDER
SOWIESO,Aufgenommen 29.09.22,186.0,226.0,,,1.0,no,no,no,<sowieso>,,,,60.0,https://cloud-affective.dfki.de/index.php/s/gbXtp3tSymEg9Zx/download?path=%2Fmocapdata%2Fsigns&files=SOWIESO.mp4,https://cloud-affective.dfki.de/index.php/s/gbXtp3tSymEg9Zx/download?path=%2Fmocapdata%2Fsigns%2F_facecam&files=faceCam_SOWIESO_trimmed.mp4,SOWIESO
SPAETER,"Aufgenommen (Sept 2021)
Mundbild ""s"" zu früh vor dem Gebärde und später nach der Gebärde fertig, besser wiederholen.",162.0,190.0,,,2.0,no,no,no,<spaeter>,,,,60.0,https://cloud-affective.dfki.de/index.php/s/gbXtp3tSymEg9Zx/download?path=%2Fmocapdata%2Fsigns&files=SPAETER.mp4,https://cloud-affective.dfki.de/index.php/s/gbXtp3tSymEg9Zx/download?path=%2Fmocapdata%2Fsigns%2F_facecam&files=faceCam_SPAETER_trimmed.mp4,SPAETER
SPAETER(-kette),Neu aufgenommen am 30.03.22,191.0,248.0,,,2.0,no,no,no,<spät spät spät>,,,,60.0,https://cloud-affective.dfki.de/index.php/s/gbXtp3tSymEg9Zx/download?path=%2Fmocapdata%2Fsigns&files=SPAETER(-kette).mp4,https://cloud-affective.dfki.de/index.php/s/gbXtp3tSymEg9Zx/download?path=%2Fmocapdata%2Fsigns%2F_facecam&files=faceCam_SPAETER(-kette)_trimmed.mp4,SPAETER(-kette)
SPANDAU,"Aufgenommen 21.06.22
Wiederholen (Feb 2023)!!!",205.0,248.0,,Ort,2.0,no,yes,no,<spandau>,,,,60.0,https://cloud-affective.dfki.de/index.php/s/gbXtp3tSymEg9Zx/download?path=%2Fmocapdata%2Fsigns&files=SPANDAU.mp4,https://cloud-affective.dfki.de/index.php/s/gbXtp3tSymEg9Zx/download?path=%2Fmocapdata%2Fsigns%2F_facecam&files=faceCam_SPANDAU_trimmed.mp4,SPANDAU
SPERREN,Aufgenommen (Sept 2021),232.0,254.0,,,2.0,yes,no,no,<sperr>,,,,60.0,https://cloud-affective.dfki.de/index.php/s/gbXtp3tSymEg9Zx/download?path=%2Fmocapdata%2Fsigns&files=SPERREN.mp4,https://cloud-affective.dfki.de/index.php/s/gbXtp3tSymEg9Zx/download?path=%2Fmocapdata%2Fsigns%2F_facecam&files=faceCam_SPERREN_trimmed.mp4,SPERREN
SPERREN2,Neu aufgenommen am 30.03.22,279.0,300.0,,,2.0,yes,no,no,<sperr>,,,,60.0,https://cloud-affective.dfki.de/index.php/s/gbXtp3tSymEg9Zx/download?path=%2Fmocapdata%2Fsigns&files=SPERREN2.mp4,https://cloud-affective.dfki.de/index.php/s/gbXtp3tSymEg9Zx/download?path=%2Fmocapdata%2Fsigns%2F_facecam&files=faceCam_SPERREN2_trimmed.mp4,SPERREN2
STADT,Aufgenommen 21.06.22,218.0,230.0,,,2.0,no,no,yes,<stadt>,,,,60.0,https://cloud-affective.dfki.de/index.php/s/gbXtp3tSymEg9Zx/download?path=%2Fmocapdata%2Fsigns&files=STADT.mp4,https://cloud-affective.dfki.de/index.php/s/gbXtp3tSymEg9Zx/download?path=%2Fmocapdata%2Fsigns%2F_facecam&files=faceCam_STADT_trimmed.mp4,STADT
START,Aufgenommen (Sept 2021),216.0,233.0,,,2.0,no,no,no,<start>,,,,60.0,https://cloud-affective.dfki.de/index.php/s/gbXtp3tSymEg9Zx/download?path=%2Fmocapdata%2Fsigns&files=START.mp4,https://cloud-affective.dfki.de/index.php/s/gbXtp3tSymEg9Zx/download?path=%2Fmocapdata%2Fsigns%2F_facecam&files=faceCam_START_trimmed.mp4,START
STATION,Aufgenommen 29.09.22,258.0,298.0,,,2.0,yes,no,yes,<station>,,,,60.0,https://cloud-affective.dfki.de/index.php/s/gbXtp3tSymEg9Zx/download?path=%2Fmocapdata%2Fsigns&files=STATION.mp4,https://cloud-affective.dfki.de/index.php/s/gbXtp3tSymEg9Zx/download?path=%2Fmocapdata%2Fsigns%2F_facecam&files=faceCam_STATION_trimmed.mp4,STATION
STELLE,Aufgenommen 29.09.22,234.0,260.0,,,2.0,yes,no,yes,<stelle>,,,,60.0,https://cloud-affective.dfki.de/index.php/s/gbXtp3tSymEg9Zx/download?path=%2Fmocapdata%2Fsigns&files=STELLE.mp4,https://cloud-affective.dfki.de/index.php/s/gbXtp3tSymEg9Zx/download?path=%2Fmocapdata%2Fsigns%2F_facecam&files=faceCam_STELLE_trimmed.mp4,STELLE
STELLWERK,"Aufgenommen (Sept 2021)
Wiederholen (Feb 2023)!!!",159.0,212.0,,,2.0,no,no,yes,<stellwerk>,,,,60.0,https://cloud-affective.dfki.de/index.php/s/gbXtp3tSymEg9Zx/download?path=%2Fmocapdata%2Fsigns&files=STELLWERK.mp4,https://cloud-affective.dfki.de/index.php/s/gbXtp3tSymEg9Zx/download?path=%2Fmocapdata%2Fsigns%2F_facecam&files=faceCam_STELLWERK_trimmed.mp4,STELLWERK
STENDAL,Aufgenommen (Feb 2023),205.0,244.0,,Ort,1.0,no,yes,no,<stendal>,,,,60.0,https://cloud-affective.dfki.de/index.php/s/gbXtp3tSymEg9Zx/download?path=%2Fmocapdata%2Fsigns&files=STENDAL.mp4,https://cloud-affective.dfki.de/index.php/s/gbXtp3tSymEg9Zx/download?path=%2Fmocapdata%2Fsigns%2F_facecam&files=faceCam_STENDAL_trimmed.mp4,STENDAL
STIMMT-NICHT,Aufgenommen (Sept 2021),197.0,244.0,,,1.0,yes,no,no,<stimm nicht>,,,,60.0,https://cloud-affective.dfki.de/index.php/s/gbXtp3tSymEg9Zx/download?path=%2Fmocapdata%2Fsigns&files=STIMMT-NICHT.mp4,https://cloud-affective.dfki.de/index.php/s/gbXtp3tSymEg9Zx/download?path=%2Fmocapdata%2Fsigns%2F_facecam&files=faceCam_STIMMT-NICHT_trimmed.mp4,STIMMT-NICHT
STOERUNG,Neu aufgenommen am 22.06.22,207.0,237.0,,,2.0,no,no,yes,<stoerung> ,,,,60.0,https://cloud-affective.dfki.de/index.php/s/gbXtp3tSymEg9Zx/download?path=%2Fmocapdata%2Fsigns&files=STOERUNG.mp4,https://cloud-affective.dfki.de/index.php/s/gbXtp3tSymEg9Zx/download?path=%2Fmocapdata%2Fsigns%2F_facecam&files=faceCam_STOERUNG_trimmed.mp4,STOERUNG
STRASSE,Aufgenommen 21.06.22,182.0,211.0,,,2.0,no,no,no,<strasse>,,,,60.0,https://cloud-affective.dfki.de/index.php/s/gbXtp3tSymEg9Zx/download?path=%2Fmocapdata%2Fsigns&files=STRASSE.mp4,https://cloud-affective.dfki.de/index.php/s/gbXtp3tSymEg9Zx/download?path=%2Fmocapdata%2Fsigns%2F_facecam&files=faceCam_STRASSE_trimmed.mp4,STRASSE
STRECKE,"Aufgenommen (Sept 2021)
Mundbild ""s"" zu früh vor dem Gebärde und später nach der Gebärde fertig, besser wiederholen.",185.0,200.0,,,2.0,yes,no,yes,<strecke>,,,,60.0,https://cloud-affective.dfki.de/index.php/s/gbXtp3tSymEg9Zx/download?path=%2Fmocapdata%2Fsigns&files=STRECKE.mp4,https://cloud-affective.dfki.de/index.php/s/gbXtp3tSymEg9Zx/download?path=%2Fmocapdata%2Fsigns%2F_facecam&files=faceCam_STRECKE_trimmed.mp4,STRECKE
STREICHEN,Aufgenommen 29.09.22,214.0,229.0,,,2.0,yes,no,yes,gest,,,,60.0,https://cloud-affective.dfki.de/index.php/s/gbXtp3tSymEg9Zx/download?path=%2Fmocapdata%2Fsigns&files=STREICHEN.mp4,https://cloud-affective.dfki.de/index.php/s/gbXtp3tSymEg9Zx/download?path=%2Fmocapdata%2Fsigns%2F_facecam&files=faceCam_STREICHEN_trimmed.mp4,STREICHEN
STREIK,Aufgenommen (Sept 2021),190.0,218.0,,,2.0,yes,no,yes,<streik>,,,,60.0,https://cloud-affective.dfki.de/index.php/s/gbXtp3tSymEg9Zx/download?path=%2Fmocapdata%2Fsigns&files=STREIK.mp4,https://cloud-affective.dfki.de/index.php/s/gbXtp3tSymEg9Zx/download?path=%2Fmocapdata%2Fsigns%2F_facecam&files=faceCam_STREIK_trimmed.mp4,STREIK
STROEMEN,Aufgenommen (Sept 2021),212.0,260.0,,,2.0,yes,no,no,gest,,,,60.0,https://cloud-affective.dfki.de/index.php/s/gbXtp3tSymEg9Zx/download?path=%2Fmocapdata%2Fsigns&files=STROEMEN.mp4,https://cloud-affective.dfki.de/index.php/s/gbXtp3tSymEg9Zx/download?path=%2Fmocapdata%2Fsigns%2F_facecam&files=faceCam_STROEMEN_trimmed.mp4,STROEMEN
STROM,"Aufgenommen am 30.03.22
Wiederholen (Feb 2023)!!!",171.0,201.0,,,2.0,no,yes,no,<strom>,,,,60.0,https://cloud-affective.dfki.de/index.php/s/gbXtp3tSymEg9Zx/download?path=%2Fmocapdata%2Fsigns&files=STROM.mp4,https://cloud-affective.dfki.de/index.php/s/gbXtp3tSymEg9Zx/download?path=%2Fmocapdata%2Fsigns%2F_facecam&files=faceCam_STROM_trimmed.mp4,STROM
STURM,"Aufgenommen (Sept 2021)
Wiederholen (Feb 2023)!!!",168.0,208.0,,,2.0,no,no,no,<sturm>,,,,60.0,https://cloud-affective.dfki.de/index.php/s/gbXtp3tSymEg9Zx/download?path=%2Fmocapdata%2Fsigns&files=STURM.mp4,https://cloud-affective.dfki.de/index.php/s/gbXtp3tSymEg9Zx/download?path=%2Fmocapdata%2Fsigns%2F_facecam&files=faceCam_STURM_trimmed.mp4,STURM
STUTTGART,Aufgenommen 21.06.22,210.0,240.0,,Ort,1.0,no,yes,no,<stuttgart>,,,,60.0,https://cloud-affective.dfki.de/index.php/s/gbXtp3tSymEg9Zx/download?path=%2Fmocapdata%2Fsigns&files=STUTTGART.mp4,https://cloud-affective.dfki.de/index.php/s/gbXtp3tSymEg9Zx/download?path=%2Fmocapdata%2Fsigns%2F_facecam&files=faceCam_STUTTGART_trimmed.mp4,STUTTGART
SUED,Aufgenommen 21.06.22,190.0,213.0,,,1.0,no,no,no,<süd>,,,,60.0,https://cloud-affective.dfki.de/index.php/s/gbXtp3tSymEg9Zx/download?path=%2Fmocapdata%2Fsigns&files=SUED.mp4,https://cloud-affective.dfki.de/index.php/s/gbXtp3tSymEg9Zx/download?path=%2Fmocapdata%2Fsigns%2F_facecam&files=faceCam_SUED_trimmed.mp4,SUED
SUPER,Aufgenommen 29.09.22,188.0,241.0,,,1.0,no,no,no,<super>,,,,60.0,https://cloud-affective.dfki.de/index.php/s/gbXtp3tSymEg9Zx/download?path=%2Fmocapdata%2Fsigns&files=SUPER.mp4,https://cloud-affective.dfki.de/index.php/s/gbXtp3tSymEg9Zx/download?path=%2Fmocapdata%2Fsigns%2F_facecam&files=faceCam_SUPER_trimmed.mp4,SUPER
SYMBOL,Aufgenommen 29.09.22,195.0,236.0,,,2.0,no,no,yes,<symbol>,,,,60.0,https://cloud-affective.dfki.de/index.php/s/gbXtp3tSymEg9Zx/download?path=%2Fmocapdata%2Fsigns&files=SYMBOL.mp4,https://cloud-affective.dfki.de/index.php/s/gbXtp3tSymEg9Zx/download?path=%2Fmocapdata%2Fsigns%2F_facecam&files=faceCam_SYMBOL_trimmed.mp4,SYMBOL
TECHNIK,Aufgenommen (Sept 2021),236.0,270.0,,,2.0,no,no,yes,<technik>,,,,60.0,https://cloud-affective.dfki.de/index.php/s/gbXtp3tSymEg9Zx/download?path=%2Fmocapdata%2Fsigns&files=TECHNIK.mp4,https://cloud-affective.dfki.de/index.php/s/gbXtp3tSymEg9Zx/download?path=%2Fmocapdata%2Fsigns%2F_facecam&files=faceCam_TECHNIK_trimmed.mp4,TECHNIK
TICKET,Aufgenommen (Dez 2021),231.0,260.0,,,2.0,no,no,yes,<ticket>,,,,60.0,https://cloud-affective.dfki.de/index.php/s/gbXtp3tSymEg9Zx/download?path=%2Fmocapdata%2Fsigns&files=TICKET.mp4,https://cloud-affective.dfki.de/index.php/s/gbXtp3tSymEg9Zx/download?path=%2Fmocapdata%2Fsigns%2F_facecam&files=faceCam_TICKET_trimmed.mp4,TICKET
TIER,Aufgenommen (Sept 2021),255.0,293.0,,,2.0,yes,no,no,<tier>,,,,60.0,https://cloud-affective.dfki.de/index.php/s/gbXtp3tSymEg9Zx/download?path=%2Fmocapdata%2Fsigns&files=TIER.mp4,https://cloud-affective.dfki.de/index.php/s/gbXtp3tSymEg9Zx/download?path=%2Fmocapdata%2Fsigns%2F_facecam&files=faceCam_TIER_trimmed.mp4,TIER
TOILETTE,Aufgenommen (Dez 2021),204.0,245.0,,,1.0,no,no,no,<toilette>,,,,60.0,https://cloud-affective.dfki.de/index.php/s/gbXtp3tSymEg9Zx/download?path=%2Fmocapdata%2Fsigns&files=TOILETTE.mp4,https://cloud-affective.dfki.de/index.php/s/gbXtp3tSymEg9Zx/download?path=%2Fmocapdata%2Fsigns%2F_facecam&files=faceCam_TOILETTE_trimmed.mp4,TOILETTE
TREFFEN(-hingehen),Aufgenommen 29.09.22,205.0,224.0,,,2.0,yes,no,yes,,,,,60.0,https://cloud-affective.dfki.de/index.php/s/gbXtp3tSymEg9Zx/download?path=%2Fmocapdata%2Fsigns&files=TREFFEN(-hingehen).mp4,https://cloud-affective.dfki.de/index.php/s/gbXtp3tSymEg9Zx/download?path=%2Fmocapdata%2Fsigns%2F_facecam&files=faceCam_TREFFEN(-hingehen)_trimmed.mp4,TREFFEN(-hingehen)
TRINKEN,Aufgenommen (Dez 2021),214.0,235.0,,,1.0,no,yes,no,gest,,,,60.0,https://cloud-affective.dfki.de/index.php/s/gbXtp3tSymEg9Zx/download?path=%2Fmocapdata%2Fsigns&files=TRINKEN.mp4,https://cloud-affective.dfki.de/index.php/s/gbXtp3tSymEg9Zx/download?path=%2Fmocapdata%2Fsigns%2F_facecam&files=faceCam_TRINKEN_trimmed.mp4,TRINKEN
TUEFTELN,"Aufgenommen (Sept 2021) und (Mrz 2022), Video da.
Altes Video noch da, bitte Video vom Mrz 2022 austauschen! Dann Annotation prüfen/korrigieren.",263.0,292.0,,,2.0,no,no,yes,gest,,,,60.0,https://cloud-affective.dfki.de/index.php/s/gbXtp3tSymEg9Zx/download?path=%2Fmocapdata%2Fsigns&files=TUEFTELN.mp4,https://cloud-affective.dfki.de/index.php/s/gbXtp3tSymEg9Zx/download?path=%2Fmocapdata%2Fsigns%2F_facecam&files=faceCam_TUEFTELN_trimmed.mp4,TUEFTELN
TUER,Aufgenommen (Sept 2021),261.0,302.0,,,2.0,no,no,yes,<tuer>,,,,60.0,https://cloud-affective.dfki.de/index.php/s/gbXtp3tSymEg9Zx/download?path=%2Fmocapdata%2Fsigns&files=TUER.mp4,https://cloud-affective.dfki.de/index.php/s/gbXtp3tSymEg9Zx/download?path=%2Fmocapdata%2Fsigns%2F_facecam&files=faceCam_TUER_trimmed.mp4,TUER
U-BAHN,Aufgenommen 21.06.22,217.0,248.0,,,1.0,no,no,no,<u-bahn>,,,,60.0,https://cloud-affective.dfki.de/index.php/s/gbXtp3tSymEg9Zx/download?path=%2Fmocapdata%2Fsigns&files=U-BAHN.mp4,https://cloud-affective.dfki.de/index.php/s/gbXtp3tSymEg9Zx/download?path=%2Fmocapdata%2Fsigns%2F_facecam&files=faceCam_U-BAHN_trimmed.mp4,U-BAHN
UEBERHOLEN,"Aufgenommen (Sept 2021)
Wiederholen (Feb 2023)!!!",185.0,214.0,,,2.0,yes,no,no,<ueberholen>,,,,60.0,https://cloud-affective.dfki.de/index.php/s/gbXtp3tSymEg9Zx/download?path=%2Fmocapdata%2Fsigns&files=UEBERHOLEN.mp4,https://cloud-affective.dfki.de/index.php/s/gbXtp3tSymEg9Zx/download?path=%2Fmocapdata%2Fsigns%2F_facecam&files=faceCam_UEBERHOLEN_trimmed.mp4,UEBERHOLEN
UEBERTRAGEN,Aufgenommen (Dez 2021),240.0,280.0,,,2.0,yes,no,no,gest,,,,60.0,https://cloud-affective.dfki.de/index.php/s/gbXtp3tSymEg9Zx/download?path=%2Fmocapdata%2Fsigns&files=UEBERTRAGEN.mp4,https://cloud-affective.dfki.de/index.php/s/gbXtp3tSymEg9Zx/download?path=%2Fmocapdata%2Fsigns%2F_facecam&files=faceCam_UEBERTRAGEN_trimmed.mp4,UEBERTRAGEN
UHR,"Aufgenommen (Sept 2021)
UHR mehrmals tippen, eigentlich nur zweimal! Und Mundbild ""u"" ist am Anfang zu lang zu sehen, was es nicht sein sollte! Bitte wiederholen.",195.0,216.0,-7.0,,2.0,no,no,yes,<uhr>,"{15253174} S: (n) hour (hour%1:28:01::), time of day (time_of_day%1:28:00::) (clock time) ""the hour is getting late""",,,60.0,https://cloud-affective.dfki.de/index.php/s/gbXtp3tSymEg9Zx/download?path=%2Fmocapdata%2Fsigns&files=UHR.mp4,https://cloud-affective.dfki.de/index.php/s/gbXtp3tSymEg9Zx/download?path=%2Fmocapdata%2Fsigns%2F_facecam&files=faceCam_UHR_trimmed.mp4,UHR
ULM,"Aufgenommen 21.06.22
Wiederholen (Feb 2023)!!!",159.0,174.0,,Ort,1.0,no,yes,no,<ulm>,,,,60.0,https://cloud-affective.dfki.de/index.php/s/gbXtp3tSymEg9Zx/download?path=%2Fmocapdata%2Fsigns&files=ULM.mp4,https://cloud-affective.dfki.de/index.php/s/gbXtp3tSymEg9Zx/download?path=%2Fmocapdata%2Fsigns%2F_facecam&files=faceCam_ULM_trimmed.mp4,ULM
UMGEKEHRT,Aufgenommen (Dez 2021),234.0,262.0,,,2.0,no,no,no,<um>,,,,60.0,https://cloud-affective.dfki.de/index.php/s/gbXtp3tSymEg9Zx/download?path=%2Fmocapdata%2Fsigns&files=UMGEKEHRT.mp4,https://cloud-affective.dfki.de/index.php/s/gbXtp3tSymEg9Zx/download?path=%2Fmocapdata%2Fsigns%2F_facecam&files=faceCam_UMGEKEHRT_trimmed.mp4,UMGEKEHRT
UMKREIS,"Aufgenommen (Sept 2021)
Wiederholen (Feb 2023)!!!",190.0,249.0,,,2.0,yes,no,no,<umkreis>,,,,60.0,https://cloud-affective.dfki.de/index.php/s/gbXtp3tSymEg9Zx/download?path=%2Fmocapdata%2Fsigns&files=UMKREIS.mp4,https://cloud-affective.dfki.de/index.php/s/gbXtp3tSymEg9Zx/download?path=%2Fmocapdata%2Fsigns%2F_facecam&files=faceCam_UMKREIS_trimmed.mp4,UMKREIS
UMPARKEN,Aufgenommen (Dez 2021),231.0,265.0,,,1.0,yes,no,no,gest,,,,60.0,https://cloud-affective.dfki.de/index.php/s/gbXtp3tSymEg9Zx/download?path=%2Fmocapdata%2Fsigns&files=UMPARKEN.mp4,https://cloud-affective.dfki.de/index.php/s/gbXtp3tSymEg9Zx/download?path=%2Fmocapdata%2Fsigns%2F_facecam&files=faceCam_UMPARKEN_trimmed.mp4,UMPARKEN
UMWEG,"Aufgenommen (Sept 2021)
Wiederholen (Feb 2023)!!!",182.0,219.0,,,1.0,yes,no,no,<umweg>,,,,60.0,https://cloud-affective.dfki.de/index.php/s/gbXtp3tSymEg9Zx/download?path=%2Fmocapdata%2Fsigns&files=UMWEG.mp4,https://cloud-affective.dfki.de/index.php/s/gbXtp3tSymEg9Zx/download?path=%2Fmocapdata%2Fsigns%2F_facecam&files=faceCam_UMWEG_trimmed.mp4,UMWEG
UNBEKANNT,Neu aufgenommen am 22.06.22,202.0,254.0,,,2.0,no,yes,no,gest,,,,60.0,https://cloud-affective.dfki.de/index.php/s/gbXtp3tSymEg9Zx/download?path=%2Fmocapdata%2Fsigns&files=UNBEKANNT.mp4,https://cloud-affective.dfki.de/index.php/s/gbXtp3tSymEg9Zx/download?path=%2Fmocapdata%2Fsigns%2F_facecam&files=faceCam_UNBEKANNT_trimmed.mp4,UNBEKANNT
UNFALL,Aufgenommen (Sept 2021),208.0,250.0,,,2.0,yes,no,yes,<unfall>,,,,60.0,https://cloud-affective.dfki.de/index.php/s/gbXtp3tSymEg9Zx/download?path=%2Fmocapdata%2Fsigns&files=UNFALL.mp4,https://cloud-affective.dfki.de/index.php/s/gbXtp3tSymEg9Zx/download?path=%2Fmocapdata%2Fsigns%2F_facecam&files=faceCam_UNFALL_trimmed.mp4,UNFALL
UNGEFAEHR,Aufgenommen 29.09.22,200.0,243.0,,,2.0,no,no,no,,,,,60.0,https://cloud-affective.dfki.de/index.php/s/gbXtp3tSymEg9Zx/download?path=%2Fmocapdata%2Fsigns&files=UNGEFAEHR.mp4,https://cloud-affective.dfki.de/index.php/s/gbXtp3tSymEg9Zx/download?path=%2Fmocapdata%2Fsigns%2F_facecam&files=faceCam_UNGEFAEHR_trimmed.mp4,UNGEFAEHR
UNTER,Aufgenommen 21.06.22,197.0,218.0,,,2.0,yes,no,yes,<unter>,,,,60.0,https://cloud-affective.dfki.de/index.php/s/gbXtp3tSymEg9Zx/download?path=%2Fmocapdata%2Fsigns&files=UNTER.mp4,https://cloud-affective.dfki.de/index.php/s/gbXtp3tSymEg9Zx/download?path=%2Fmocapdata%2Fsigns%2F_facecam&files=faceCam_UNTER_trimmed.mp4,UNTER
UNTERSTUETZEN,Aufgenommen am 30.03.22,207.0,240.0,,,2.0,yes,no,yes,<unterstützung>,,,,60.0,https://cloud-affective.dfki.de/index.php/s/gbXtp3tSymEg9Zx/download?path=%2Fmocapdata%2Fsigns&files=UNTERSTUETZEN.mp4,https://cloud-affective.dfki.de/index.php/s/gbXtp3tSymEg9Zx/download?path=%2Fmocapdata%2Fsigns%2F_facecam&files=faceCam_UNTERSTUETZEN_trimmed.mp4,UNTERSTUETZEN
UNTERSUCHEN,Aufgenommen (Sept 2021),185.0,224.0,,,2.0,yes,no,no,gest,,,,60.0,https://cloud-affective.dfki.de/index.php/s/gbXtp3tSymEg9Zx/download?path=%2Fmocapdata%2Fsigns&files=UNTERSUCHEN.mp4,https://cloud-affective.dfki.de/index.php/s/gbXtp3tSymEg9Zx/download?path=%2Fmocapdata%2Fsigns%2F_facecam&files=faceCam_UNTERSUCHEN_trimmed.mp4,UNTERSUCHEN
UNTERSUCHEN(-kurve),Neu aufgenommen am 30.03.22,204.0,256.0,,,2.0,yes,no,no,<untersuchen>,,,,60.0,https://cloud-affective.dfki.de/index.php/s/gbXtp3tSymEg9Zx/download?path=%2Fmocapdata%2Fsigns&files=UNTERSUCHEN(-kurve).mp4,https://cloud-affective.dfki.de/index.php/s/gbXtp3tSymEg9Zx/download?path=%2Fmocapdata%2Fsigns%2F_facecam&files=faceCam_UNTERSUCHEN(-kurve)_trimmed.mp4,UNTERSUCHEN(-kurve)
UNTERWEGS,"Aufgenommen (Sept 2021)
Mundbild viel zu früh vor dem Gebärde, wiederholen!!!",172.0,204.0,,,1.0,yes,no,no,<unterwes>,,,,60.0,https://cloud-affective.dfki.de/index.php/s/gbXtp3tSymEg9Zx/download?path=%2Fmocapdata%2Fsigns&files=UNTERWEGS.mp4,https://cloud-affective.dfki.de/index.php/s/gbXtp3tSymEg9Zx/download?path=%2Fmocapdata%2Fsigns%2F_facecam&files=faceCam_UNTERWEGS_trimmed.mp4,UNTERWEGS
UTRECHT,"Aufgenommen 21.06.22, prüfen, ob die Gebärde stimmt? So hat Bele mir gezeigt, als sie einen holländischen Freund gefragt hat.",216.0,241.0,,Ort,1.0,no,yes,no,<utrecht>,,,,60.0,https://cloud-affective.dfki.de/index.php/s/gbXtp3tSymEg9Zx/download?path=%2Fmocapdata%2Fsigns&files=UTRECHT.mp4,https://cloud-affective.dfki.de/index.php/s/gbXtp3tSymEg9Zx/download?path=%2Fmocapdata%2Fsigns%2F_facecam&files=faceCam_UTRECHT_trimmed.mp4,UTRECHT
VERBINDUNG,Aufgenommen 29.09.22,178.0,205.0,,,2.0,no,no,yes,<verbindung>,,,,60.0,https://cloud-affective.dfki.de/index.php/s/gbXtp3tSymEg9Zx/download?path=%2Fmocapdata%2Fsigns&files=VERBINDUNG.mp4,https://cloud-affective.dfki.de/index.php/s/gbXtp3tSymEg9Zx/download?path=%2Fmocapdata%2Fsigns%2F_facecam&files=faceCam_VERBINDUNG_trimmed.mp4,VERBINDUNG
VERBLEIBEN,"Aufgenommen 29.09.22, wie STATIONÄR",190.0,213.0,,,1.0,yes,no,no,gest,,,,60.0,https://cloud-affective.dfki.de/index.php/s/gbXtp3tSymEg9Zx/download?path=%2Fmocapdata%2Fsigns&files=VERBLEIBEN.mp4,https://cloud-affective.dfki.de/index.php/s/gbXtp3tSymEg9Zx/download?path=%2Fmocapdata%2Fsigns%2F_facecam&files=faceCam_VERBLEIBEN_trimmed.mp4,VERBLEIBEN
VERBOT,Aufgenommen am 30.03.22,193.0,230.0,,,2.0,yes,no,yes,<verbot>,,,,60.0,https://cloud-affective.dfki.de/index.php/s/gbXtp3tSymEg9Zx/download?path=%2Fmocapdata%2Fsigns&files=VERBOT.mp4,https://cloud-affective.dfki.de/index.php/s/gbXtp3tSymEg9Zx/download?path=%2Fmocapdata%2Fsigns%2F_facecam&files=faceCam_VERBOT_trimmed.mp4,VERBOT
VERBUND,"Aufgenommen (Dez 2021)
Wiederholen (Feb 2023)!!!",173.0,202.0,,,2.0,no,no,yes,<verbund>,,,,60.0,https://cloud-affective.dfki.de/index.php/s/gbXtp3tSymEg9Zx/download?path=%2Fmocapdata%2Fsigns&files=VERBUND.mp4,https://cloud-affective.dfki.de/index.php/s/gbXtp3tSymEg9Zx/download?path=%2Fmocapdata%2Fsigns%2F_facecam&files=faceCam_VERBUND_trimmed.mp4,VERBUND
VERGESSEN,"Fehlt, bitte wie Satz 231.
Wenn RV da ist, Annotation prüfen!
Aufgenommen (Feb 2023)",146.0,162.0,,,1.0,no,yes,no,<vergessen>,,,,60.0,https://cloud-affective.dfki.de/index.php/s/gbXtp3tSymEg9Zx/download?path=%2Fmocapdata%2Fsigns&files=VERGESSEN.mp4,https://cloud-affective.dfki.de/index.php/s/gbXtp3tSymEg9Zx/download?path=%2Fmocapdata%2Fsigns%2F_facecam&files=faceCam_VERGESSEN_trimmed.mp4,VERGESSEN
VERKAUFEN,Aufgenommen 21.06.22,211.0,234.0,,,2.0,yes,no,yes,<verkauf>,,,,60.0,https://cloud-affective.dfki.de/index.php/s/gbXtp3tSymEg9Zx/download?path=%2Fmocapdata%2Fsigns&files=VERKAUFEN.mp4,https://cloud-affective.dfki.de/index.php/s/gbXtp3tSymEg9Zx/download?path=%2Fmocapdata%2Fsigns%2F_facecam&files=faceCam_VERKAUFEN_trimmed.mp4,VERKAUFEN
VERKEHR,Aufgenommen (Dez 2021),220.0,255.0,,,2.0,no,no,no,<verkehr>,,,,60.0,https://cloud-affective.dfki.de/index.php/s/gbXtp3tSymEg9Zx/download?path=%2Fmocapdata%2Fsigns&files=VERKEHR.mp4,https://cloud-affective.dfki.de/index.php/s/gbXtp3tSymEg9Zx/download?path=%2Fmocapdata%2Fsigns%2F_facecam&files=faceCam_VERKEHR_trimmed.mp4,VERKEHR
VERSPAETEN,Aufgenommen 29.09.22,198.0,235.0,,,2.0,no,no,yes,<verspätung>,{01847210} S: (adj) delayed (delayed%3:00:00:retarded:00) (not as far along as normal in development),,,60.0,https://cloud-affective.dfki.de/index.php/s/gbXtp3tSymEg9Zx/download?path=%2Fmocapdata%2Fsigns&files=VERSPAETEN.mp4,https://cloud-affective.dfki.de/index.php/s/gbXtp3tSymEg9Zx/download?path=%2Fmocapdata%2Fsigns%2F_facecam&files=faceCam_VERSPAETEN_trimmed.mp4,VERSPAETEN
VERSTEHEN,ok,209.0,242.0,,,1.0,no,no,no ,gest,,,,60.0,https://cloud-affective.dfki.de/index.php/s/gbXtp3tSymEg9Zx/download?path=%2Fmocapdata%2Fsigns&files=VERSTEHEN.mp4,https://cloud-affective.dfki.de/index.php/s/gbXtp3tSymEg9Zx/download?path=%2Fmocapdata%2Fsigns%2F_facecam&files=faceCam_VERSTEHEN_trimmed.mp4,VERSTEHEN
VIEL,Aufgenommen am 30.03.22,209.0,243.0,,,1.0,no,yes,no,<viel>,,,,60.0,https://cloud-affective.dfki.de/index.php/s/gbXtp3tSymEg9Zx/download?path=%2Fmocapdata%2Fsigns&files=VIEL.mp4,https://cloud-affective.dfki.de/index.php/s/gbXtp3tSymEg9Zx/download?path=%2Fmocapdata%2Fsigns%2F_facecam&files=faceCam_VIEL_trimmed.mp4,VIEL
VIELFALT,Aufgenommen 29.09.22,179.0,221.0,,,2.0,yes,no,yes,<vielfalt>,,,,60.0,https://cloud-affective.dfki.de/index.php/s/gbXtp3tSymEg9Zx/download?path=%2Fmocapdata%2Fsigns&files=VIELFALT.mp4,https://cloud-affective.dfki.de/index.php/s/gbXtp3tSymEg9Zx/download?path=%2Fmocapdata%2Fsigns%2F_facecam&files=faceCam_VIELFALT_trimmed.mp4,VIELFALT
VOLL,Aufgenommen (Dez 2021),210.0,227.0,,,2.0,no,no,yes,<voll>,,,,60.0,https://cloud-affective.dfki.de/index.php/s/gbXtp3tSymEg9Zx/download?path=%2Fmocapdata%2Fsigns&files=VOLL.mp4,https://cloud-affective.dfki.de/index.php/s/gbXtp3tSymEg9Zx/download?path=%2Fmocapdata%2Fsigns%2F_facecam&files=faceCam_VOLL_trimmed.mp4,VOLL
VOLL2,"Aufgenommen 29.09.22
Wiederholen Feb 2023!!!
Ohne Kopfbewegung, Annotation prüfen ggf. korrigieren!",156.0,171.0,,,2.0,yes,no,no,<voll>,,,,60.0,https://cloud-affective.dfki.de/index.php/s/gbXtp3tSymEg9Zx/download?path=%2Fmocapdata%2Fsigns&files=VOLL2.mp4,https://cloud-affective.dfki.de/index.php/s/gbXtp3tSymEg9Zx/download?path=%2Fmocapdata%2Fsigns%2F_facecam&files=faceCam_VOLL2_trimmed.mp4,VOLL2
VON-BIS,Aufgenommen (Dez 2021),232.0,260.0,,,1.0,no,no,no,gest,,,,60.0,https://cloud-affective.dfki.de/index.php/s/gbXtp3tSymEg9Zx/download?path=%2Fmocapdata%2Fsigns&files=VON-BIS.mp4,https://cloud-affective.dfki.de/index.php/s/gbXtp3tSymEg9Zx/download?path=%2Fmocapdata%2Fsigns%2F_facecam&files=faceCam_VON-BIS_trimmed.mp4,VON-BIS
VON-BIS2,Aufgenommen 29.09.22,220.0,254.0,,,2.0,yes,no,yes,gest,,,,60.0,https://cloud-affective.dfki.de/index.php/s/gbXtp3tSymEg9Zx/download?path=%2Fmocapdata%2Fsigns&files=VON-BIS2.mp4,https://cloud-affective.dfki.de/index.php/s/gbXtp3tSymEg9Zx/download?path=%2Fmocapdata%2Fsigns%2F_facecam&files=faceCam_VON-BIS2_trimmed.mp4,VON-BIS2
VOR,Aufgenommen (Sept 2021),232.0,257.0,,,2.0,yes,no,no,<vor>,,,,60.0,https://cloud-affective.dfki.de/index.php/s/gbXtp3tSymEg9Zx/download?path=%2Fmocapdata%2Fsigns&files=VOR.mp4,https://cloud-affective.dfki.de/index.php/s/gbXtp3tSymEg9Zx/download?path=%2Fmocapdata%2Fsigns%2F_facecam&files=faceCam_VOR_trimmed.mp4,VOR
VORLAEUFIG,"Aufgenommen am 30.03.22
Wiederholen (Feb 2023)!!!",188.0,235.0,,,2.0,no,no,no,<vorläufig>,,,,60.0,https://cloud-affective.dfki.de/index.php/s/gbXtp3tSymEg9Zx/download?path=%2Fmocapdata%2Fsigns&files=VORLAEUFIG.mp4,https://cloud-affective.dfki.de/index.php/s/gbXtp3tSymEg9Zx/download?path=%2Fmocapdata%2Fsigns%2F_facecam&files=faceCam_VORLAEUFIG_trimmed.mp4,VORLAEUFIG
VORNE,Aufgenommen (Sept 2021),221.0,260.0,,,1.0,yes,no,no,<vorne>,,,,60.0,https://cloud-affective.dfki.de/index.php/s/gbXtp3tSymEg9Zx/download?path=%2Fmocapdata%2Fsigns&files=VORNE.mp4,https://cloud-affective.dfki.de/index.php/s/gbXtp3tSymEg9Zx/download?path=%2Fmocapdata%2Fsigns%2F_facecam&files=faceCam_VORNE_trimmed.mp4,VORNE
VORNE(-nah),Aufgenommen (Dez 2021),216.0,233.0,,,1.0,yes,no,no,gest,,,,60.0,https://cloud-affective.dfki.de/index.php/s/gbXtp3tSymEg9Zx/download?path=%2Fmocapdata%2Fsigns&files=VORNE(-nah).mp4,https://cloud-affective.dfki.de/index.php/s/gbXtp3tSymEg9Zx/download?path=%2Fmocapdata%2Fsigns%2F_facecam&files=faceCam_VORNE(-nah)_trimmed.mp4,VORNE(-nah)
VORSICHTIG,"Mundbild viel zu früh vor dem Gebärde, wiederholen!!!",151.0,177.0,,,2.0,no,yes,no,<vorsichtig>,,,,60.0,https://cloud-affective.dfki.de/index.php/s/gbXtp3tSymEg9Zx/download?path=%2Fmocapdata%2Fsigns&files=VORSICHTIG.mp4,https://cloud-affective.dfki.de/index.php/s/gbXtp3tSymEg9Zx/download?path=%2Fmocapdata%2Fsigns%2F_facecam&files=faceCam_VORSICHTIG_trimmed.mp4,VORSICHTIG
WACH,Aufgenommen 21.06.22,203.0,217.0,,,2.0,no,no,no,<wach>,,,,60.0,https://cloud-affective.dfki.de/index.php/s/gbXtp3tSymEg9Zx/download?path=%2Fmocapdata%2Fsigns&files=WACH.mp4,https://cloud-affective.dfki.de/index.php/s/gbXtp3tSymEg9Zx/download?path=%2Fmocapdata%2Fsigns%2F_facecam&files=faceCam_WACH_trimmed.mp4,WACH
WAGEN,Aufgenommen (Dez 2021),221.0,240.0,,,2.0,no,no,yes,<wagen>,,,,60.0,https://cloud-affective.dfki.de/index.php/s/gbXtp3tSymEg9Zx/download?path=%2Fmocapdata%2Fsigns&files=WAGEN.mp4,https://cloud-affective.dfki.de/index.php/s/gbXtp3tSymEg9Zx/download?path=%2Fmocapdata%2Fsigns%2F_facecam&files=faceCam_WAGEN_trimmed.mp4,WAGEN
WAGEN2,Aufgenommen am 30.03.22,144.0,165.0,,,2.0,yes,no,yes,<wagen>,,,,60.0,https://cloud-affective.dfki.de/index.php/s/gbXtp3tSymEg9Zx/download?path=%2Fmocapdata%2Fsigns&files=WAGEN2.mp4,https://cloud-affective.dfki.de/index.php/s/gbXtp3tSymEg9Zx/download?path=%2Fmocapdata%2Fsigns%2F_facecam&files=faceCam_WAGEN2_trimmed.mp4,WAGEN2
WANN,Neu aufgenommen am 22.06.22,392.0,410.0,,,1.0,no,yes,no,<wann>,,,,60.0,https://cloud-affective.dfki.de/index.php/s/gbXtp3tSymEg9Zx/download?path=%2Fmocapdata%2Fsigns&files=WANN.mp4,https://cloud-affective.dfki.de/index.php/s/gbXtp3tSymEg9Zx/download?path=%2Fmocapdata%2Fsigns%2F_facecam&files=faceCam_WANN_trimmed.mp4,WANN
WANNSEE,Aufgenommen 21.06.22,214.0,259.0,,Ort,1.0,no,no,no,<wannsee>,,,,60.0,https://cloud-affective.dfki.de/index.php/s/gbXtp3tSymEg9Zx/download?path=%2Fmocapdata%2Fsigns&files=WANNSEE.mp4,https://cloud-affective.dfki.de/index.php/s/gbXtp3tSymEg9Zx/download?path=%2Fmocapdata%2Fsigns%2F_facecam&files=faceCam_WANNSEE_trimmed.mp4,WANNSEE
WARTEN,"Aufgenommen (Sept 2021)
Wiederholen (Feb 2023)!!!",144.0,310.0,,,1.0,no,no,no,<warten>,,,,60.0,https://cloud-affective.dfki.de/index.php/s/gbXtp3tSymEg9Zx/download?path=%2Fmocapdata%2Fsigns&files=WARTEN.mp4,https://cloud-affective.dfki.de/index.php/s/gbXtp3tSymEg9Zx/download?path=%2Fmocapdata%2Fsigns%2F_facecam&files=faceCam_WARTEN_trimmed.mp4,WARTEN
WAS,Aufgenommen 29.09.22,231.0,265.0,,,2.0,no,no,no,<was>,,,,60.0,https://cloud-affective.dfki.de/index.php/s/gbXtp3tSymEg9Zx/download?path=%2Fmocapdata%2Fsigns&files=WAS.mp4,https://cloud-affective.dfki.de/index.php/s/gbXtp3tSymEg9Zx/download?path=%2Fmocapdata%2Fsigns%2F_facecam&files=faceCam_WAS_trimmed.mp4,WAS
WECHSELN,"Aufgenommen (Sept 2021)
Wiederholen (Feb 2023)!!!",154.0,189.0,,,2.0,yes,no,no,<wechsel>,,,,60.0,https://cloud-affective.dfki.de/index.php/s/gbXtp3tSymEg9Zx/download?path=%2Fmocapdata%2Fsigns&files=WECHSELN.mp4,https://cloud-affective.dfki.de/index.php/s/gbXtp3tSymEg9Zx/download?path=%2Fmocapdata%2Fsigns%2F_facecam&files=faceCam_WECHSELN_trimmed.mp4,WECHSELN
WEGRAEUMEN,Aufgenommen (Sept 2021),215.0,240.0,,,2.0,yes,no,no,<weg>,,,,60.0,https://cloud-affective.dfki.de/index.php/s/gbXtp3tSymEg9Zx/download?path=%2Fmocapdata%2Fsigns&files=WEGRAEUMEN.mp4,https://cloud-affective.dfki.de/index.php/s/gbXtp3tSymEg9Zx/download?path=%2Fmocapdata%2Fsigns%2F_facecam&files=faceCam_WEGRAEUMEN_trimmed.mp4,WEGRAEUMEN
WEICHEN,"Aufgenommen (Sept 2021)
Wiederholen (Feb 2023)!!!",317.0,356.0,,,2.0,no,no,no,gest,,,,60.0,https://cloud-affective.dfki.de/index.php/s/gbXtp3tSymEg9Zx/download?path=%2Fmocapdata%2Fsigns&files=WEICHEN.mp4,https://cloud-affective.dfki.de/index.php/s/gbXtp3tSymEg9Zx/download?path=%2Fmocapdata%2Fsigns%2F_facecam&files=faceCam_WEICHEN_trimmed.mp4,WEICHEN
WEIMAR,"Aufgenommen (Sept 2021)
Wiederholen (Feb 2023)!!!",146.0,174.0,,Ort,1.0,no,no,no,<weimar>,,,,60.0,https://cloud-affective.dfki.de/index.php/s/gbXtp3tSymEg9Zx/download?path=%2Fmocapdata%2Fsigns&files=WEIMAR.mp4,https://cloud-affective.dfki.de/index.php/s/gbXtp3tSymEg9Zx/download?path=%2Fmocapdata%2Fsigns%2F_facecam&files=faceCam_WEIMAR_trimmed.mp4,WEIMAR
WEISS-NICHT,Aufgenommen 29.09.22,190.0,229.0,,,1.0,no,yes,no,<weiß nicht>,,,,60.0,https://cloud-affective.dfki.de/index.php/s/gbXtp3tSymEg9Zx/download?path=%2Fmocapdata%2Fsigns&files=WEISS-NICHT.mp4,https://cloud-affective.dfki.de/index.php/s/gbXtp3tSymEg9Zx/download?path=%2Fmocapdata%2Fsigns%2F_facecam&files=faceCam_WEISS-NICHT_trimmed.mp4,WEISS-NICHT
WEITER,"Aufgenommen (Sept 2021)
Wiederholen (Feb 2023)!!!",151.0,192.0,,,2.0,yes,no,yes,<weiter>,,,,60.0,https://cloud-affective.dfki.de/index.php/s/gbXtp3tSymEg9Zx/download?path=%2Fmocapdata%2Fsigns&files=WEITER.mp4,https://cloud-affective.dfki.de/index.php/s/gbXtp3tSymEg9Zx/download?path=%2Fmocapdata%2Fsigns%2F_facecam&files=faceCam_WEITER_trimmed.mp4,WEITER
WENIG,Aufgenommen am 30.03.22,207.0,252.0,,,1.0,yes,no,no,<wenig>,,,,60.0,https://cloud-affective.dfki.de/index.php/s/gbXtp3tSymEg9Zx/download?path=%2Fmocapdata%2Fsigns&files=WENIG.mp4,https://cloud-affective.dfki.de/index.php/s/gbXtp3tSymEg9Zx/download?path=%2Fmocapdata%2Fsigns%2F_facecam&files=faceCam_WENIG_trimmed.mp4,WENIG
WEST,Aufgenommen 21.06.22,211.0,226.0,,,1.0,no,no,no,<west>,,,,60.0,https://cloud-affective.dfki.de/index.php/s/gbXtp3tSymEg9Zx/download?path=%2Fmocapdata%2Fsigns&files=WEST.mp4,https://cloud-affective.dfki.de/index.php/s/gbXtp3tSymEg9Zx/download?path=%2Fmocapdata%2Fsigns%2F_facecam&files=faceCam_WEST_trimmed.mp4,WEST
WETTER,"Aufgenommen (Sept 2021)
Wiederholen (Feb 2023)!!!",146.0,175.0,,,2.0,no,no,no,<wetter>,,,,60.0,https://cloud-affective.dfki.de/index.php/s/gbXtp3tSymEg9Zx/download?path=%2Fmocapdata%2Fsigns&files=WETTER.mp4,https://cloud-affective.dfki.de/index.php/s/gbXtp3tSymEg9Zx/download?path=%2Fmocapdata%2Fsigns%2F_facecam&files=faceCam_WETTER_trimmed.mp4,WETTER
WIE,Aufgenommen (Dez 2021),235.0,245.0,,,2.0,no,no,yes,<wie>,,,,60.0,https://cloud-affective.dfki.de/index.php/s/gbXtp3tSymEg9Zx/download?path=%2Fmocapdata%2Fsigns&files=WIE.mp4,https://cloud-affective.dfki.de/index.php/s/gbXtp3tSymEg9Zx/download?path=%2Fmocapdata%2Fsigns%2F_facecam&files=faceCam_WIE_trimmed.mp4,WIE
WIE-IMMER,"Aufgenommen (Sept 2021)
Wiederholen, leichte Backen! 2x klopfen. Ähnlich wie Satz 61.",166.0,192.0,,,2.0,no,no,yes,gest,,,,60.0,https://cloud-affective.dfki.de/index.php/s/gbXtp3tSymEg9Zx/download?path=%2Fmocapdata%2Fsigns&files=WIE-IMMER.mp4,https://cloud-affective.dfki.de/index.php/s/gbXtp3tSymEg9Zx/download?path=%2Fmocapdata%2Fsigns%2F_facecam&files=faceCam_WIE-IMMER_trimmed.mp4,WIE-IMMER
WIEDER,Aufgenommen 29.09.22,172.0,202.0,,,1.0,no,no,no,<wieder>,,,,60.0,https://cloud-affective.dfki.de/index.php/s/gbXtp3tSymEg9Zx/download?path=%2Fmocapdata%2Fsigns&files=WIEDER.mp4,https://cloud-affective.dfki.de/index.php/s/gbXtp3tSymEg9Zx/download?path=%2Fmocapdata%2Fsigns%2F_facecam&files=faceCam_WIEDER_trimmed.mp4,WIEDER
WIEN,Aufgenommen 21.06.22,285.0,308.0,,Ort,1.0,no,no,no,<wien>,,,,60.0,https://cloud-affective.dfki.de/index.php/s/gbXtp3tSymEg9Zx/download?path=%2Fmocapdata%2Fsigns&files=WIEN.mp4,https://cloud-affective.dfki.de/index.php/s/gbXtp3tSymEg9Zx/download?path=%2Fmocapdata%2Fsigns%2F_facecam&files=faceCam_WIEN_trimmed.mp4,WIEN
WIESBADEN,"Aufgenommen 21.06.22, es gibt zwei versch. Gebärde, Umfrage!",196.0,236.0,,Ort,1.0,no,yes,no,<wiesbaden>,,,,60.0,https://cloud-affective.dfki.de/index.php/s/gbXtp3tSymEg9Zx/download?path=%2Fmocapdata%2Fsigns&files=WIESBADEN.mp4,https://cloud-affective.dfki.de/index.php/s/gbXtp3tSymEg9Zx/download?path=%2Fmocapdata%2Fsigns%2F_facecam&files=faceCam_WIESBADEN_trimmed.mp4,WIESBADEN
WIMMELN,Aufgenommen (Sept 2021),208.0,258.0,,,2.0,yes,no,no,gest,,,,60.0,https://cloud-affective.dfki.de/index.php/s/gbXtp3tSymEg9Zx/download?path=%2Fmocapdata%2Fsigns&files=WIMMELN.mp4,https://cloud-affective.dfki.de/index.php/s/gbXtp3tSymEg9Zx/download?path=%2Fmocapdata%2Fsigns%2F_facecam&files=faceCam_WIMMELN_trimmed.mp4,WIMMELN
WIMMELN(-starr),Neu aufgenommen am 30.03.22,193.0,255.0,,,2.0,yes,no,no,gest,,,,60.0,https://cloud-affective.dfki.de/index.php/s/gbXtp3tSymEg9Zx/download?path=%2Fmocapdata%2Fsigns&files=WIMMELN(-starr).mp4,https://cloud-affective.dfki.de/index.php/s/gbXtp3tSymEg9Zx/download?path=%2Fmocapdata%2Fsigns%2F_facecam&files=faceCam_WIMMELN(-starr)_trimmed.mp4,WIMMELN(-starr)
WIR,Aufgenommen (Dez 2021),205.0,235.0,,,1.0,no,no,no,<wir>,,,,60.0,https://cloud-affective.dfki.de/index.php/s/gbXtp3tSymEg9Zx/download?path=%2Fmocapdata%2Fsigns&files=WIR.mp4,https://cloud-affective.dfki.de/index.php/s/gbXtp3tSymEg9Zx/download?path=%2Fmocapdata%2Fsigns%2F_facecam&files=faceCam_WIR_trimmed.mp4,WIR
WITTENBERG,Aufgenommen 21.06.22,195.0,260.0,,Ort,2.0,no,no,no,<wittenberg>,,,,60.0,https://cloud-affective.dfki.de/index.php/s/gbXtp3tSymEg9Zx/download?path=%2Fmocapdata%2Fsigns&files=WITTENBERG.mp4,https://cloud-affective.dfki.de/index.php/s/gbXtp3tSymEg9Zx/download?path=%2Fmocapdata%2Fsigns%2F_facecam&files=faceCam_WITTENBERG_trimmed.mp4,WITTENBERG
WLAN,Aufgenommen 21.06.22,222.0,254.0,,,2.0,no,no,no,<wlan>,,,,60.0,https://cloud-affective.dfki.de/index.php/s/gbXtp3tSymEg9Zx/download?path=%2Fmocapdata%2Fsigns&files=WLAN.mp4,https://cloud-affective.dfki.de/index.php/s/gbXtp3tSymEg9Zx/download?path=%2Fmocapdata%2Fsigns%2F_facecam&files=faceCam_WLAN_trimmed.mp4,WLAN
WO,"Neu aufgenommen am 22.06.22, alles ok.",205.0,230.0,,,2.0,no,no,no,<wo>,none,,,60.0,https://cloud-affective.dfki.de/index.php/s/gbXtp3tSymEg9Zx/download?path=%2Fmocapdata%2Fsigns&files=WO.mp4,https://cloud-affective.dfki.de/index.php/s/gbXtp3tSymEg9Zx/download?path=%2Fmocapdata%2Fsigns%2F_facecam&files=faceCam_WO_trimmed.mp4,WO
WUENSCHEN,Aufgenommen 29.09.22,173.0,186.0,,,1.0,no,yes,no,<wunsch>,,,,60.0,https://cloud-affective.dfki.de/index.php/s/gbXtp3tSymEg9Zx/download?path=%2Fmocapdata%2Fsigns&files=WUENSCHEN.mp4,https://cloud-affective.dfki.de/index.php/s/gbXtp3tSymEg9Zx/download?path=%2Fmocapdata%2Fsigns%2F_facecam&files=faceCam_WUENSCHEN_trimmed.mp4,WUENSCHEN
WUERZBURG,"Aufgenommen 21.06.22, es gibt verschiedene Gebärde. Umfrage? Mit FA ""W"" hin- und herbewegen, diese Gebärde wird meistens verwendet, so sagte Cleo mir, als sie die Leute in Würzburg rumgefragt hat.",166.0,207.0,,Ort,1.0,no,no,no,<würzburg>,,,,60.0,https://cloud-affective.dfki.de/index.php/s/gbXtp3tSymEg9Zx/download?path=%2Fmocapdata%2Fsigns&files=WUERZBURG.mp4,https://cloud-affective.dfki.de/index.php/s/gbXtp3tSymEg9Zx/download?path=%2Fmocapdata%2Fsigns%2F_facecam&files=faceCam_WUERZBURG_trimmed.mp4,WUERZBURG
WUPPERTAL,"Aufgenommen 21.06.22
Wiederholen (Feb 2023)!!!",160.0,189.0,,Ort,1.0,,no,no,<wuppertal>,,,,60.0,https://cloud-affective.dfki.de/index.php/s/gbXtp3tSymEg9Zx/download?path=%2Fmocapdata%2Fsigns&files=WUPPERTAL.mp4,https://cloud-affective.dfki.de/index.php/s/gbXtp3tSymEg9Zx/download?path=%2Fmocapdata%2Fsigns%2F_facecam&files=faceCam_WUPPERTAL_trimmed.mp4,WUPPERTAL
ZEIGER(-hoch),Aufgenommen (Sept 2021),232.0,257.0,,,2.0,no,no,yes,gest,,,,60.0,https://cloud-affective.dfki.de/index.php/s/gbXtp3tSymEg9Zx/download?path=%2Fmocapdata%2Fsigns&files=ZEIGER(-hoch).mp4,https://cloud-affective.dfki.de/index.php/s/gbXtp3tSymEg9Zx/download?path=%2Fmocapdata%2Fsigns%2F_facecam&files=faceCam_ZEIGER(-hoch)_trimmed.mp4,ZEIGER(-hoch)
ZEIGER(-runter),Aufgenommen (Sept 2021),271.0,295.0,,,2.0,no,no,yes,gest,,,,60.0,https://cloud-affective.dfki.de/index.php/s/gbXtp3tSymEg9Zx/download?path=%2Fmocapdata%2Fsigns&files=ZEIGER(-runter).mp4,https://cloud-affective.dfki.de/index.php/s/gbXtp3tSymEg9Zx/download?path=%2Fmocapdata%2Fsigns%2F_facecam&files=faceCam_ZEIGER(-runter)_trimmed.mp4,ZEIGER(-runter)
ZEIT,Neu aufgenommen am 01.07.21 (mit Mundbild <zeit>),169.0,188.0,,,2.0,no,no,yes,<zeit> ,"{15154879} S: (n) clock time (clock_time%1:28:00::), time (time%1:28:03::) (a reading of a point in time as given by a clock) ""do you know what time it is?""; ""the time is 10 o'clock""",,,60.0,https://cloud-affective.dfki.de/index.php/s/gbXtp3tSymEg9Zx/download?path=%2Fmocapdata%2Fsigns&files=ZEIT.mp4,https://cloud-affective.dfki.de/index.php/s/gbXtp3tSymEg9Zx/download?path=%2Fmocapdata%2Fsigns%2F_facecam&files=faceCam_ZEIT_trimmed.mp4,ZEIT
ZEITNAH,Aufgenommen am 30.03.22,264.0,295.0,,,1.0,yes,no,no,<gleich>,,,,60.0,https://cloud-affective.dfki.de/index.php/s/gbXtp3tSymEg9Zx/download?path=%2Fmocapdata%2Fsigns&files=ZEITNAH.mp4,https://cloud-affective.dfki.de/index.php/s/gbXtp3tSymEg9Zx/download?path=%2Fmocapdata%2Fsigns%2F_facecam&files=faceCam_ZEITNAH_trimmed.mp4,ZEITNAH
ZIEHEN,Aufgenommen (Sept 2021),210.0,235.0,,,1.0,yes,no,no,gest,,,,60.0,https://cloud-affective.dfki.de/index.php/s/gbXtp3tSymEg9Zx/download?path=%2Fmocapdata%2Fsigns&files=ZIEHEN.mp4,https://cloud-affective.dfki.de/index.php/s/gbXtp3tSymEg9Zx/download?path=%2Fmocapdata%2Fsigns%2F_facecam&files=faceCam_ZIEHEN_trimmed.mp4,ZIEHEN
ZIEL,Aufgenommen 29.09.22,197.0,217.0,,,2.0,yes,no,yes,<ziel>,,,,60.0,https://cloud-affective.dfki.de/index.php/s/gbXtp3tSymEg9Zx/download?path=%2Fmocapdata%2Fsigns&files=ZIEL.mp4,https://cloud-affective.dfki.de/index.php/s/gbXtp3tSymEg9Zx/download?path=%2Fmocapdata%2Fsigns%2F_facecam&files=faceCam_ZIEL_trimmed.mp4,ZIEL
ZOLL,"Aufgenommen (Sept 2021)
Wiederholen (Feb 2023)!!!",157.0,172.0,,,2.0,no,no,yes,<zoll>,,,,60.0,https://cloud-affective.dfki.de/index.php/s/gbXtp3tSymEg9Zx/download?path=%2Fmocapdata%2Fsigns&files=ZOLL.mp4,https://cloud-affective.dfki.de/index.php/s/gbXtp3tSymEg9Zx/download?path=%2Fmocapdata%2Fsigns%2F_facecam&files=faceCam_ZOLL_trimmed.mp4,ZOLL
ZU(-tueren),Aufgenommen 21.06.22,232.0,246.0,,,2.0,yes,no,yes,<zu>,,,,60.0,https://cloud-affective.dfki.de/index.php/s/gbXtp3tSymEg9Zx/download?path=%2Fmocapdata%2Fsigns&files=ZU(-tueren).mp4,https://cloud-affective.dfki.de/index.php/s/gbXtp3tSymEg9Zx/download?path=%2Fmocapdata%2Fsigns%2F_facecam&files=faceCam_ZU(-tueren)_trimmed.mp4,ZU(-tueren)
ZUERST,"Aufgenommen (Sept 2021)
Wiederholen (Feb 2023)!!!",173.0,195.0,,,1.0,yes,no,no,<zuerst>,,,,60.0,https://cloud-affective.dfki.de/index.php/s/gbXtp3tSymEg9Zx/download?path=%2Fmocapdata%2Fsigns&files=ZUERST.mp4,https://cloud-affective.dfki.de/index.php/s/gbXtp3tSymEg9Zx/download?path=%2Fmocapdata%2Fsigns%2F_facecam&files=faceCam_ZUERST_trimmed.mp4,ZUERST
ZUG,"Neu aufgenommen am 22.06.22, alles ok.",203.0,233.0,,,2.0,no,no,no,<zug>,"{04475240} S: (n) train (train%1:06:00::), railroad train (railroad_train%1:06:00::) (public transport provided by a line of railway cars coupled together and drawn by a locomotive) ""express trains don't stop at Princeton Junction""",https://media.spreadthesign.com/video/mp4/9/5618.mp4,https://signdict.org/entry/835-zug/video/4260,60.0,https://cloud-affective.dfki.de/index.php/s/gbXtp3tSymEg9Zx/download?path=%2Fmocapdata%2Fsigns&files=ZUG.mp4,https://cloud-affective.dfki.de/index.php/s/gbXtp3tSymEg9Zx/download?path=%2Fmocapdata%2Fsigns%2F_facecam&files=faceCam_ZUG_trimmed.mp4,ZUG
ZUG(-plural),Neu aufgenommen am 30.03.22,191.0,258.0,,,2.0,yes,no,no,<zug zug zug>,,,,60.0,https://cloud-affective.dfki.de/index.php/s/gbXtp3tSymEg9Zx/download?path=%2Fmocapdata%2Fsigns&files=ZUG(-plural).mp4,https://cloud-affective.dfki.de/index.php/s/gbXtp3tSymEg9Zx/download?path=%2Fmocapdata%2Fsigns%2F_facecam&files=faceCam_ZUG(-plural)_trimmed.mp4,ZUG(-plural)
ZUGVEREINIGUNG,Aufgenommen 21.06.22,230.0,258.0,,,2.0,yes,no,yes,gest,,,,60.0,https://cloud-affective.dfki.de/index.php/s/gbXtp3tSymEg9Zx/download?path=%2Fmocapdata%2Fsigns&files=ZUGVEREINIGUNG.mp4,https://cloud-affective.dfki.de/index.php/s/gbXtp3tSymEg9Zx/download?path=%2Fmocapdata%2Fsigns%2F_facecam&files=faceCam_ZUGVEREINIGUNG_trimmed.mp4,ZUGVEREINIGUNG
ZURUECKLASSEN,"Neu aufgenommen am 30.03.22, Video da
---
Wenn, neue Referenzvideo da ist, dann alle Annotationsdaten überprüfen!!! NOVA-Annotation prüfen/korrigieren: Nicht-dom-hand: Entspannt?! eingeben! Satz 28, Satz 65. Schon geprüft, alles ok!!!
---
Alte Gebärde vom September 2021 aufgenommen.",195.0,216.0,,,2.0,yes,no,no,gest,,,,60.0,https://cloud-affective.dfki.de/index.php/s/gbXtp3tSymEg9Zx/download?path=%2Fmocapdata%2Fsigns&files=ZURUECKLASSEN.mp4,https://cloud-affective.dfki.de/index.php/s/gbXtp3tSymEg9Zx/download?path=%2Fmocapdata%2Fsigns%2F_facecam&files=faceCam_ZURUECKLASSEN_trimmed.mp4,ZURUECKLASSEN
ZURUECKLASSEN(-zickzack),Neu aufgenommen am 30.03.22,198.0,278.0,,,2.0,yes,no,no,gest,,,,60.0,https://cloud-affective.dfki.de/index.php/s/gbXtp3tSymEg9Zx/download?path=%2Fmocapdata%2Fsigns&files=ZURUECKLASSEN(-zickzack).mp4,https://cloud-affective.dfki.de/index.php/s/gbXtp3tSymEg9Zx/download?path=%2Fmocapdata%2Fsigns%2F_facecam&files=faceCam_ZURUECKLASSEN(-zickzack)_trimmed.mp4,ZURUECKLASSEN(-zickzack)
ZUSAMMENHANG,Aufgenommen (Sept 2021),207.0,230.0,,,2.0,yes,no,yes,gest,,,,60.0,https://cloud-affective.dfki.de/index.php/s/gbXtp3tSymEg9Zx/download?path=%2Fmocapdata%2Fsigns&files=ZUSAMMENHANG.mp4,https://cloud-affective.dfki.de/index.php/s/gbXtp3tSymEg9Zx/download?path=%2Fmocapdata%2Fsigns%2F_facecam&files=faceCam_ZUSAMMENHANG_trimmed.mp4,ZUSAMMENHANG
ZUSAMMENHANG(-kette),Aufgenommen (Sept 2021),220.0,272.0,,,2.0,yes,no,yes,gest,,,,60.0,https://cloud-affective.dfki.de/index.php/s/gbXtp3tSymEg9Zx/download?path=%2Fmocapdata%2Fsigns&files=ZUSAMMENHANG(-kette).mp4,https://cloud-affective.dfki.de/index.php/s/gbXtp3tSymEg9Zx/download?path=%2Fmocapdata%2Fsigns%2F_facecam&files=faceCam_ZUSAMMENHANG(-kette)_trimmed.mp4,ZUSAMMENHANG(-kette)
ZWECK,Aufgenommen 21.06.22,180.0,207.0,,,2.0,no,no,no,<zweck>,,,,60.0,https://cloud-affective.dfki.de/index.php/s/gbXtp3tSymEg9Zx/download?path=%2Fmocapdata%2Fsigns&files=ZWECK.mp4,https://cloud-affective.dfki.de/index.php/s/gbXtp3tSymEg9Zx/download?path=%2Fmocapdata%2Fsigns%2F_facecam&files=faceCam_ZWECK_trimmed.mp4,ZWECK
